Date,Open,High,Low,Close,Adj Close ,Volume
14-Nov-25,665.38,675.66,663.27,671.93,671.93,"96,733,700"
13-Nov-25,680.5,680.86,670.52,672.04,672.04,"103,457,800"
12-Nov-25,684.79,684.96,680.95,683.38,683.38,"62,312,500"
11-Nov-25,679.95,683.57,678.73,683,683,"58,953,400"
10-Nov-25,677.24,682.18,675.03,681.44,681.44,"75,842,900"
7-Nov-25,667.91,671.08,661.21,670.97,670.97,"100,592,400"
6-Nov-25,676.47,677.38,668.72,670.31,670.31,"85,035,300"
5-Nov-25,674.98,680.86,674.17,677.58,677.58,"74,402,400"
4-Nov-25,676.11,679.96,674.58,675.24,675.24,"78,427,000"
3-Nov-25,685.67,685.8,679.94,683.34,683.34,"57,315,000"
31-Oct-25,685.04,685.08,679.24,682.06,682.06,"87,164,100"
30-Oct-25,683.9,685.94,679.83,679.83,679.83,"76,335,800"
29-Oct-25,688.72,689.7,682.87,687.39,687.39,"85,657,100"
28-Oct-25,687.05,688.91,684.83,687.06,687.06,"61,738,100"
27-Oct-25,682.73,685.54,682.12,685.24,685.24,"63,339,800"
24-Oct-25,676.46,678.47,675.65,677.25,677.25,"74,356,500"
23-Oct-25,668.12,672.71,667.8,671.76,671.76,"65,604,500"
22-Oct-25,672,672,663.3,667.8,667.8,"80,564,000"
21-Oct-25,671.44,672.99,669.98,671.29,671.29,"56,249,000"
20-Oct-25,667.32,672.21,667.27,671.3,671.3,"60,493,400"
17-Oct-25,659.5,665.76,658.14,664.39,664.39,"96,500,900"
16-Oct-25,666.82,668.71,657.11,660.64,660.64,"110,563,300"
15-Oct-25,666.82,670.23,658.93,665.17,665.17,"81,702,600"
14-Oct-25,657.17,665.83,653.17,662.23,662.23,"88,779,600"
13-Oct-25,660.65,665.13,659.77,663.04,663.04,"79,560,500"
10-Oct-25,672.13,673.95,652.84,653.02,653.02,"159,422,600"
9-Oct-25,673.53,673.94,669.21,671.16,671.16,"66,501,900"
8-Oct-25,670.25,673.21,669.42,673.11,673.11,"60,702,200"
7-Oct-25,672.54,672.99,667.67,669.12,669.12,"72,020,100"
6-Oct-25,671.62,672.51,669.46,671.61,671.61,"54,623,300"
3-Oct-25,669.99,672.68,668.16,669.21,669.21,"70,494,400"
2-Oct-25,670.45,670.57,666.78,669.22,669.22,"56,896,000"
1-Oct-25,663.17,669.37,663.06,668.45,668.45,"72,545,400"
30-Sep-25,662.93,666.65,661.61,666.18,666.18,"86,288,000"
29-Sep-25,664.36,665.28,661.86,663.68,663.68,"73,499,000"
26-Sep-25,659.51,662.37,657.88,661.82,661.82,"69,179,200"
25-Sep-25,657.94,659.41,654.41,658.05,658.05,"89,622,100"
24-Sep-25,664.51,664.61,659.67,661.1,661.1,"68,082,200"
23-Sep-25,666.72,667.34,661.98,663.21,663.21,"81,708,900"
22-Sep-25,662.2,667.29,662.17,666.84,666.84,"69,452,200"
19-Sep-25,662.33,664.55,660.37,663.7,663.7,"97,945,600"
18-Sep-25,661.89,664.89,660.27,662.26,660.43,"90,459,200"
17-Sep-25,660.01,661.72,654.3,659.18,657.36,"101,952,200"
16-Sep-25,661.47,661.78,659.21,660,658.18,"61,169,000"
15-Sep-25,659.64,661.04,659.34,660.91,659.08,"63,772,400"
12-Sep-25,657.6,659.11,656.9,657.41,655.59,"72,780,100"
11-Sep-25,654.18,658.33,653.59,657.63,655.81,"69,934,400"
10-Sep-25,653.62,654.55,650.63,652.21,650.41,"78,034,500"
9-Sep-25,648.97,650.86,647.22,650.33,648.53,"66,133,900"
8-Sep-25,648.62,649.84,647.23,648.83,647.04,"63,133,100"
5-Sep-25,651.48,652.21,643.33,647.24,645.45,"85,178,900"
4-Sep-25,644.42,649.15,643.51,649.12,647.33,"65,219,200"
3-Sep-25,642.67,644.21,640.46,643.74,641.96,"70,820,900"
2-Sep-25,637.5,640.49,634.92,640.27,638.5,"81,983,500"
29-Aug-25,647.47,647.84,643.14,645.05,643.27,"74,522,200"
28-Aug-25,647.24,649.48,645.34,648.92,647.13,"61,519,500"
27-Aug-25,644.57,647.37,644.42,646.63,644.84,"48,341,100"
26-Aug-25,642.2,645.51,641.57,645.16,643.38,"51,581,600"
25-Aug-25,644.04,645.29,642.35,642.47,640.69,"51,274,300"
22-Aug-25,637.76,646.5,637.25,645.31,643.53,"84,083,200"
21-Aug-25,636.28,637.97,633.81,635.55,633.79,"54,805,800"
20-Aug-25,639.4,639.66,632.95,638.11,636.35,"88,890,300"
19-Aug-25,643.12,644.11,638.48,639.81,638.04,"69,750,700"
18-Aug-25,642.86,644,642.18,643.3,641.52,"43,804,900"
15-Aug-25,645.99,646.09,642.52,643.44,641.66,"68,592,500"
14-Aug-25,642.79,645.62,642.34,644.95,643.17,"59,327,500"
13-Aug-25,644.91,646.19,642.68,644.89,643.11,"60,092,800"
12-Aug-25,638.29,642.85,636.79,642.69,640.91,"64,730,800"
11-Aug-25,637.46,638.95,634.66,635.92,634.16,"58,742,300"
8-Aug-25,634.06,637.65,633.74,637.18,635.42,"64,051,600"
7-Aug-25,636.24,636.98,629.11,632.25,630.5,"74,205,800"
6-Aug-25,629.05,633.44,628.13,632.78,631.03,"64,357,500"
5-Aug-25,631.79,632.61,627.04,627.97,626.23,"68,051,400"
4-Aug-25,625.67,631.22,625.58,631.17,629.42,"73,218,000"
1-Aug-25,626.3,626.34,619.29,621.72,620,"140,103,600"
31-Jul-25,639.46,639.85,630.77,632.08,630.33,"103,385,200"
30-Jul-25,635.92,637.68,631.54,634.46,632.71,"80,418,900"
29-Jul-25,638.35,638.67,634.34,635.26,633.5,"60,556,300"
28-Jul-25,637.48,638.04,635.54,636.94,635.18,"54,917,100"
25-Jul-25,635.09,637.58,634.84,637.1,635.34,"56,865,400"
24-Jul-25,634.6,636.15,633.99,634.42,632.67,"71,307,100"
23-Jul-25,631.55,634.21,629.73,634.21,632.46,"70,511,000"
22-Jul-25,629.1,629.73,626.19,628.86,627.12,"60,046,300"
21-Jul-25,628.77,631.54,628.34,628.77,627.03,"63,375,000"
18-Jul-25,629.3,629.47,626.46,627.58,625.84,"65,621,600"
17-Jul-25,624.4,628.4,624.18,628.04,626.3,"68,885,700"
16-Jul-25,623.74,624.73,618.05,624.22,622.49,"88,987,500"
15-Jul-25,627.52,627.86,622.06,622.14,620.42,"74,317,300"
14-Jul-25,623.16,625.16,621.8,624.81,623.08,"51,898,500"
11-Jul-25,622.74,624.86,621.53,623.62,621.9,"63,670,200"
10-Jul-25,624.2,626.87,623.01,625.82,624.09,"57,529,000"
9-Jul-25,622.77,624.72,620.91,624.06,622.33,"66,113,300"
8-Jul-25,621.35,622.11,619.52,620.34,618.62,"59,024,600"
7-Jul-25,623.36,624.03,617.87,620.68,618.96,"74,814,500"
3-Jul-25,622.45,626.28,622.43,625.34,623.61,"51,065,800"
2-Jul-25,617.24,620.49,616.61,620.45,618.73,"66,510,400"
1-Jul-25,616.36,618.83,615.52,617.65,615.94,"70,030,100"
30-Jun-25,617.38,619.22,615.04,617.85,616.14,"92,502,500"
27-Jun-25,612.88,616.39,610.83,614.91,613.21,"86,258,400"
26-Jun-25,608.99,612.31,608.37,611.87,610.18,"78,548,400"
25-Jun-25,607.91,608.61,605.54,607.12,605.44,"62,114,800"
24-Jun-25,604.33,607.85,603.41,606.78,605.1,"67,735,300"
23-Jun-25,595.04,600.54,591.89,600.15,598.49,"87,426,000"
20-Jun-25,598.38,599.46,592.86,594.28,592.64,"94,051,400"
18-Jun-25,598.44,601.22,596.47,597.44,594.03,"76,605,000"
17-Jun-25,600.21,601.75,596.76,597.53,594.12,"82,209,400"
16-Jun-25,600.4,604.45,600.22,602.68,599.24,"79,984,100"
13-Jun-25,598.5,601.85,595.48,597,593.59,"89,506,000"
12-Jun-25,600.01,603.75,599.52,603.75,600.31,"64,129,000"
11-Jun-25,604.19,605.06,599.27,601.36,597.93,"73,658,200"
10-Jun-25,600.22,603.47,599.09,603.08,599.64,"66,247,000"
9-Jun-25,599.72,601.25,598.49,599.68,596.26,"53,016,400"
6-Jun-25,598.66,600.83,596.86,599.14,595.72,"66,588,700"
5-Jun-25,597.63,599,591.05,593.05,589.67,"92,278,700"
4-Jun-25,596.96,597.95,595.49,595.93,592.53,"57,314,200"
3-Jun-25,592.34,597.08,591.85,596.09,592.69,"63,606,200"
2-Jun-25,587.76,592.79,585.06,592.71,589.33,"61,630,500"
30-May-25,588.93,591.13,583.24,589.39,586.03,"90,601,200"
29-May-25,593.06,593.2,586.07,590.05,586.68,"69,973,300"
28-May-25,591.56,592.77,586.99,587.73,584.38,"68,445,500"
27-May-25,586.07,591.31,578.43,591.15,587.78,"72,588,500"
23-May-25,575.98,581.81,575.6,579.11,575.81,"76,029,000"
22-May-25,582.66,586.62,581.41,583.09,579.76,"70,860,400"
21-May-25,588.44,592.58,581.82,582.86,579.54,"95,197,700"
20-May-25,593.09,594.05,589.6,592.85,589.47,"60,614,500"
19-May-25,588.1,595.54,588.1,594.85,591.46,"68,168,500"
16-May-25,591.25,594.5,589.28,594.2,590.81,"76,052,100"
15-May-25,585.56,590.97,585.1,590.46,587.09,"71,268,100"
14-May-25,587.81,588.98,585.54,587.59,584.24,"66,283,500"
13-May-25,583.41,589.08,582.84,586.84,583.49,"67,947,200"
12-May-25,581.47,583,577.04,582.99,579.66,"78,993,600"
9-May-25,566.48,567.5,562.76,564.34,561.12,"37,603,400"
8-May-25,565.24,570.31,561.7,565.06,561.84,"65,130,800"
7-May-25,560.15,563.82,556.04,561.15,557.95,"55,588,000"
6-May-25,557.93,563.35,556.96,558.8,555.61,"48,264,700"
5-May-25,562.57,566.65,561.7,563.51,560.3,"38,659,200"
2-May-25,564.73,568.38,562.38,566.76,563.53,"60,717,300"
1-May-25,560.37,564.07,557.86,558.47,555.28,"63,186,100"
30-Apr-25,547.57,556.52,541.52,554.54,551.38,"93,101,500"
29-Apr-25,548.91,555.45,548.55,554.32,551.16,"47,775,100"
28-Apr-25,551.39,553.55,545.02,550.85,547.71,"47,613,800"
25-Apr-25,546.65,551.05,543.69,550.64,547.5,"61,119,600"
24-Apr-25,536.72,547.43,535.45,546.69,543.57,"64,150,400"
23-Apr-25,540.43,545.43,533.88,535.42,532.37,"90,590,700"
22-Apr-25,520.14,529.3,519.19,527.25,524.24,"75,948,100"
21-Apr-25,521.16,521.7,508.46,513.88,510.95,"69,368,100"
17-Apr-25,527.64,531.17,523.91,526.41,523.41,"79,868,100"
16-Apr-25,531.68,537.89,520.29,525.66,522.66,"83,484,800"
15-Apr-25,539.67,543.23,536.81,537.61,534.54,"56,892,900"
14-Apr-25,544.05,544.28,533.86,539.12,536.04,"68,034,000"
11-Apr-25,523.01,536.43,520.07,533.94,530.89,"97,866,300"
10-Apr-25,532.17,533.5,509.32,524.58,521.59,"162,331,200"
9-Apr-25,493.44,548.62,493.05,548.62,545.49,"241,867,300"
8-Apr-25,521.86,524.98,489.16,496.48,493.65,"165,816,600"
7-Apr-25,489.19,523.17,481.8,504.38,501.5,"256,611,400"
4-Apr-25,523.67,525.87,505.06,505.28,502.4,"217,965,100"
3-Apr-25,545.11,547.97,536.7,536.7,533.64,"125,986,000"
2-Apr-25,555.05,567.42,554.81,564.52,561.3,"76,014,500"
1-Apr-25,557.45,562.94,553.68,560.97,557.77,"54,609,600"
31-Mar-25,549.83,560.71,546.87,559.39,556.2,"95,328,200"
28-Mar-25,565.53,566.27,555.07,555.66,552.49,"71,662,700"
27-Mar-25,567.18,570.9,564.94,567.08,563.85,"42,164,200"
26-Mar-25,575.19,576.33,567.19,568.59,565.35,"51,848,300"
25-Mar-25,575.3,576.41,573.69,575.46,572.18,"38,355,700"
24-Mar-25,570.8,575.15,570.2,574.08,570.81,"58,766,800"
21-Mar-25,559.28,564.89,558.03,563.98,560.76,"83,763,000"
20-Mar-25,563.33,570.57,562.6,565.49,560.58,"62,958,200"
19-Mar-25,562.83,570.95,561.63,567.13,562.2,"66,556,000"
18-Mar-25,564.8,565.02,559.06,561.02,556.15,"66,041,400"
17-Mar-25,562.79,569.71,562.35,567.15,562.22,"49,008,700"
14-Mar-25,556.11,563.83,551.49,562.81,557.92,"62,660,300"
13-Mar-25,558.49,559.11,549.68,551.42,546.63,"74,079,400"
12-Mar-25,562.17,563.11,553.69,558.87,554.02,"69,588,200"
11-Mar-25,559.4,564.02,552.02,555.92,551.09,"88,102,100"
10-Mar-25,567.59,569.54,555.59,560.58,555.71,"99,326,600"
7-Mar-25,570.9,577.39,565.63,575.92,570.92,"81,158,800"
6-Mar-25,575.48,580.17,570.12,572.71,567.74,"80,094,900"
5-Mar-25,576.69,584.88,573.08,583.06,578,"71,230,500"
4-Mar-25,579.71,585.39,572.25,576.86,571.85,"109,648,200"
3-Mar-25,596.18,597.34,579.9,583.77,578.7,"74,249,200"
28-Feb-25,585.56,594.72,582.44,594.18,589.02,"88,744,100"
27-Feb-25,596.85,598.02,584.65,585.05,579.97,"74,196,700"
26-Feb-25,595.93,599.58,591.86,594.54,589.38,"43,321,600"
25-Feb-25,597.15,597.89,589.56,594.24,589.08,"58,266,500"
24-Feb-25,602.02,603.03,596.49,597.21,592.02,"50,737,200"
21-Feb-25,610.16,610.3,599.47,599.94,594.73,"76,519,800"
20-Feb-25,611.54,611.68,607.02,610.38,605.08,"36,554,000"
19-Feb-25,610.08,613.23,609.56,612.93,607.61,"31,011,100"
18-Feb-25,610.88,611.49,608.38,611.49,606.18,"26,749,000"
14-Feb-25,609.94,610.99,609.07,609.7,604.4,"26,910,400"
13-Feb-25,604.48,609.94,603.2,609.73,604.43,"40,921,300"
12-Feb-25,599.2,604.55,598.51,603.36,598.12,"45,076,100"
11-Feb-25,602.55,605.86,602.43,605.31,600.05,"30,056,700"
10-Feb-25,604.03,605.5,602.74,604.85,599.6,"26,048,700"
7-Feb-25,606.89,608.13,600.05,600.77,595.55,"50,788,500"
6-Feb-25,605.99,606.45,602.63,606.32,601.05,"35,771,500"
5-Feb-25,600.64,604.37,598.58,604.22,598.97,"30,653,100"
4-Feb-25,597.83,602.3,597.28,601.78,596.55,"33,457,800"
3-Feb-25,592.67,600.29,590.49,597.77,592.58,"65,857,200"
31-Jan-25,607.5,609.96,601.05,601.82,596.59,"66,566,900"
30-Jan-25,603.96,606.6,600.72,605.04,599.78,"39,281,300"
29-Jan-25,603.72,604.13,599.22,601.81,596.58,"37,177,400"
28-Jan-25,600.62,605.37,597.25,604.52,599.27,"44,433,300"
27-Jan-25,594.81,599.69,594.64,599.37,594.16,"70,361,100"
24-Jan-25,609.81,610.78,606.8,607.97,602.69,"34,604,700"
23-Jan-25,605.8,609.75,605.52,609.75,604.45,"41,152,100"
22-Jan-25,605.92,607.82,605.36,606.44,601.17,"48,196,000"
21-Jan-25,600.67,603.06,598.67,603.05,597.81,"42,532,900"
17-Jan-25,596.96,599.36,595.61,597.58,592.39,"58,070,600"
16-Jan-25,594.17,594.35,590.93,591.64,586.5,"43,319,700"
15-Jan-25,590.33,593.94,589.2,592.78,587.63,"56,900,200"
14-Jan-25,584.36,585,578.35,582.19,577.13,"48,420,600"
13-Jan-25,575.77,581.75,575.35,581.39,576.34,"47,910,100"
10-Jan-25,585.88,585.95,578.55,580.49,575.45,"73,105,000"
8-Jan-25,588.7,590.58,585.2,589.49,584.37,"47,304,700"
7-Jan-25,597.42,597.75,586.78,588.63,583.52,"60,393,100"
6-Jan-25,596.27,599.7,593.6,595.36,590.19,"47,679,400"
3-Jan-25,587.53,592.6,586.43,591.95,586.81,"37,888,500"
2-Jan-25,589.39,591.13,580.5,584.64,579.56,"50,204,000"
31-Dec-24,589.91,590.64,584.42,586.08,580.99,"57,052,700"
30-Dec-24,587.89,591.74,584.41,588.22,583.11,"56,578,800"
27-Dec-24,597.54,597.78,590.76,595.01,589.84,"64,969,300"
26-Dec-24,599.5,602.48,598.08,601.34,596.12,"41,219,100"
24-Dec-24,596.06,601.34,595.47,601.3,596.08,"33,160,100"
23-Dec-24,590.89,595.3,587.66,594.69,589.52,"57,635,800"
20-Dec-24,581.77,595.75,580.91,591.15,586.02,"125,716,700"
19-Dec-24,591.36,593,585.85,586.1,579.06,"85,919,500"
18-Dec-24,603.98,606.41,585.89,586.28,579.24,"108,248,700"
17-Dec-24,604.19,605.17,602.89,604.29,597.03,"55,773,500"
16-Dec-24,606,607.78,605.21,606.79,599.5,"43,695,200"
13-Dec-24,606.4,607.13,602.81,604.21,596.95,"35,904,700"
12-Dec-24,606.58,607.16,604.33,604.33,597.07,"31,543,800"
11-Dec-24,605.78,608.43,605.5,607.46,600.16,"28,677,700"
10-Dec-24,605.37,605.8,602.13,602.8,595.56,"37,234,500"
9-Dec-24,607.69,607.86,604.08,604.68,597.42,"34,742,700"
6-Dec-24,607.44,609.07,607.02,607.81,600.51,"31,241,500"
5-Dec-24,607.66,608.48,606.3,606.66,599.37,"28,762,200"
4-Dec-24,605.63,607.91,604.95,607.66,600.36,"42,787,600"
3-Dec-24,603.39,604.16,602.34,603.91,596.66,"26,906,600"
2-Dec-24,602.97,604.32,602.47,603.63,596.38,"31,746,000"
29-Nov-24,599.66,603.35,599.38,602.55,595.31,"30,177,400"
27-Nov-24,600.46,600.85,597.28,598.83,591.64,"34,000,200"
26-Nov-24,598.8,601.33,598.07,600.65,593.44,"45,621,300"
25-Nov-24,599.52,600.86,595.2,597.53,590.35,"42,441,400"
22-Nov-24,593.66,596.15,593.15,595.51,588.36,"38,226,400"
21-Nov-24,593.4,595.12,587.45,593.67,586.54,"46,750,300"
20-Nov-24,590.38,590.79,584.63,590.5,583.41,"50,032,600"
19-Nov-24,584.71,591.04,584.03,590.3,583.21,"49,412,000"
18-Nov-24,586.22,589.49,585.34,588.15,581.09,"37,001,700"
15-Nov-24,589.72,590.2,583.86,585.75,578.71,"75,988,800"
14-Nov-24,597.32,597.81,592.65,593.35,586.22,"38,904,100"
13-Nov-24,597.37,599.23,594.96,597.19,590.02,"47,388,600"
12-Nov-24,598.68,599.29,594.37,596.9,589.73,"43,006,100"
11-Nov-24,599.81,600.17,597,598.76,591.57,"37,586,800"
8-Nov-24,596.17,599.64,596.17,598.19,591,"46,444,900"
7-Nov-24,593.08,596.65,593,595.61,588.46,"47,233,200"
6-Nov-24,589.2,591.93,585.39,591.04,583.94,"68,182,000"
5-Nov-24,570.74,576.74,570.52,576.7,569.77,"39,478,300"
4-Nov-24,571.18,572.5,567.89,569.81,562.97,"38,217,000"
1-Nov-24,571.32,575.55,570.62,571.04,564.18,"45,667,500"
31-Oct-24,575.56,575.63,568.44,568.64,561.81,"60,182,500"
30-Oct-24,581.29,583.32,579.29,580.01,573.04,"41,435,800"
29-Oct-24,579.85,582.91,578.43,581.77,574.78,"42,899,700"
28-Oct-24,582.58,582.71,580.52,580.83,573.85,"30,174,700"
25-Oct-24,581.51,584.46,578.08,579.04,572.08,"47,268,200"
24-Oct-24,579.98,580.06,576.57,579.24,572.28,"34,979,900"
23-Oct-24,581.26,581.71,574.42,577.99,571.05,"49,314,600"
22-Oct-24,581.05,584.5,580.38,583.32,576.31,"34,183,800"
21-Oct-24,583.85,584.85,580.6,583.63,576.62,"36,439,000"
18-Oct-24,584.07,585.39,582.58,584.59,577.57,"37,416,800"
17-Oct-24,585.91,586.12,582.16,582.35,575.36,"34,393,700"
16-Oct-24,579.78,582.83,578.96,582.3,575.31,"30,725,400"
15-Oct-24,584.59,584.9,578.54,579.78,572.82,"54,203,600"
14-Oct-24,581.22,585.27,580.73,584.32,577.3,"36,217,200"
11-Oct-24,576.05,580.33,575.91,579.58,572.62,"42,268,000"
10-Oct-24,575.77,577.58,574.49,576.13,569.21,"44,138,100"
9-Oct-24,573.16,577.71,572.55,577.14,570.21,"37,912,200"
8-Oct-24,570.42,573.78,569.53,573.17,566.29,"37,398,700"
7-Oct-24,571.3,571.96,566.63,567.8,560.98,"49,964,700"
4-Oct-24,572.35,573.36,568.1,572.98,566.1,"42,939,100"
3-Oct-24,567.36,569.8,565.49,567.82,561,"40,846,500"
2-Oct-24,567.71,569.9,565.27,568.86,562.03,"38,097,800"
1-Oct-24,573.4,574.06,566,568.62,561.79,"72,668,800"
30-Sep-24,570.42,574.38,568.08,573.76,566.87,"63,557,400"
27-Sep-24,573.39,574.22,570.42,571.47,564.61,"42,100,900"
26-Sep-24,574.38,574.71,569.9,572.3,565.43,"48,336,000"
25-Sep-24,571.14,571.89,568.91,570.04,563.19,"38,428,600"
24-Sep-24,570.48,571.36,567.6,571.3,564.44,"46,805,700"
23-Sep-24,569.34,570.33,568.1,569.67,562.83,"44,116,900"
20-Sep-24,567.84,569.31,565.17,568.25,561.42,"77,503,100"
19-Sep-24,571.01,572.88,568.08,570.98,562.4,"75,315,500"
18-Sep-24,563.74,568.69,560.83,561.4,552.96,"59,044,900"
17-Sep-24,565.1,566.58,560.79,563.07,554.61,"49,321,000"
16-Sep-24,561.74,563.11,559.9,562.84,554.38,"36,656,100"
13-Sep-24,559.71,563.03,559.45,562.01,553.56,"39,310,500"
12-Sep-24,555.01,559.4,552.74,559.09,550.69,"51,819,600"
11-Sep-24,548.7,555.36,539.96,554.42,546.09,"75,248,600"
10-Sep-24,548.36,549.15,543.38,548.79,540.54,"36,394,600"
9-Sep-24,544.65,547.71,542.68,546.41,538.2,"40,445,800"
6-Sep-24,549.94,551.6,539.44,540.36,532.24,"68,493,800"
5-Sep-24,550.89,553.8,547.1,549.61,541.35,"44,264,300"
4-Sep-24,550.2,554.43,549.46,550.95,542.67,"47,224,900"
3-Sep-24,560.47,560.81,549.51,552.08,543.78,"60,600,100"
30-Aug-24,560.77,564.2,557.14,563.68,555.21,"62,700,100"
29-Aug-24,560.31,563.68,557.18,558.35,549.96,"38,715,200"
28-Aug-24,561.21,561.65,555.04,558.3,549.91,"41,066,000"
27-Aug-24,559.49,562.06,558.32,561.56,553.12,"32,693,900"
26-Aug-24,563.18,563.91,559.05,560.79,552.36,"35,788,600"
23-Aug-24,559.53,563.09,557.29,562.13,553.68,"50,639,400"
22-Aug-24,562.56,563.18,554.98,556.22,547.86,"56,121,500"
21-Aug-24,559.77,562.11,554.73,560.62,552.19,"41,514,600"
20-Aug-24,559.15,560.84,557.33,558.7,550.3,"33,732,300"
19-Aug-24,554.73,559.61,553.86,559.61,551.2,"39,121,800"
16-Aug-24,551.42,555.02,551.26,554.31,545.98,"44,430,700"
15-Aug-24,549.5,553.36,548.88,553.07,544.76,"60,846,800"
14-Aug-24,542.85,544.96,540.12,543.75,535.58,"42,446,900"
13-Aug-24,536.53,542.28,536.28,542.04,533.89,"52,333,100"
12-Aug-24,534.21,535.73,530.95,533.27,525.25,"42,542,100"
9-Aug-24,529.81,534.51,528.56,532.99,524.98,"45,619,600"
8-Aug-24,523.91,531.29,521.84,530.65,522.67,"63,276,600"
7-Aug-24,528.47,531.59,518.05,518.66,510.86,"70,698,300"
6-Aug-24,519.22,529.75,517.87,522.15,514.3,"84,826,300"
5-Aug-24,511.64,523.58,510.27,517.38,509.6,"146,267,400"
2-Aug-24,535.75,536.99,528.6,532.9,524.89,"82,789,100"
1-Aug-24,552.57,554.87,539.43,543.01,534.85,"76,428,700"
31-Jul-24,548.98,553.5,547.58,550.81,542.53,"65,663,400"
30-Jul-24,546.26,547.34,538.52,542,533.85,"46,853,600"
29-Jul-24,546.02,547.05,542.72,544.76,536.57,"39,515,800"
26-Jul-24,542.28,547.19,541.49,544.44,536.26,"53,763,800"
25-Jul-24,541.35,547.46,537.45,538.41,530.32,"61,158,300"
24-Jul-24,548.86,549.17,540.29,541.23,533.09,"74,515,300"
23-Jul-24,554.54,556.74,553.28,553.78,545.46,"34,439,600"
22-Jul-24,553,555.27,551.02,554.65,546.31,"43,346,700"
19-Jul-24,552.42,554.08,547.91,548.99,540.74,"65,509,100"
18-Jul-24,558.51,559.52,550.43,552.66,544.35,"56,270,400"
17-Jul-24,558.8,560.51,556.61,556.94,548.57,"57,119,000"
16-Jul-24,562.87,565.16,562.1,564.86,556.37,"36,475,300"
15-Jul-24,562.03,564.84,559.63,561.53,553.09,"40,584,300"
12-Jul-24,557.63,563.67,557.15,559.99,551.57,"53,084,400"
11-Jul-24,561.44,562.33,555.83,556.48,548.11,"53,054,200"
10-Jul-24,557.07,561.67,556.77,561.32,552.88,"38,701,200"
9-Jul-24,556.26,557.18,555.52,555.82,547.46,"27,289,700"
8-Jul-24,555.44,556.25,554.19,555.28,546.93,"36,110,500"
5-Jul-24,551.77,555.05,551.12,554.64,546.3,"41,488,400"
3-Jul-24,548.69,551.83,548.65,551.46,543.17,"32,789,900"
2-Jul-24,543.7,549.01,543.65,549.01,540.76,"40,434,800"
1-Jul-24,545.63,545.88,542.52,545.34,537.14,"40,297,800"
28-Jun-24,547.16,550.28,542.95,544.22,536.04,"76,144,500"
27-Jun-24,545.37,546.96,544.61,546.37,538.16,"35,041,500"
26-Jun-24,543.69,546.24,543.03,545.51,537.31,"38,550,600"
25-Jun-24,543.99,545.2,542.44,544.83,536.64,"37,936,200"
24-Jun-24,544.33,546.95,542.62,542.74,534.58,"45,528,700"
21-Jun-24,544.4,545.65,543.02,544.51,536.32,"64,338,600"
20-Jun-24,549.44,550.12,545.18,547,537.04,"70,328,200"
18-Jun-24,547.16,548.62,546.73,548.49,538.51,"41,376,400"
17-Jun-24,542.08,548.53,541.61,547.1,537.14,"55,839,500"
14-Jun-24,540.88,542.81,539.85,542.78,532.9,"40,089,900"
13-Jun-24,543.15,543.33,539.59,542.45,532.58,"44,760,900"
12-Jun-24,541.63,544.12,540.3,541.36,531.51,"63,251,300"
11-Jun-24,534.07,537.01,532.05,536.95,527.18,"36,383,400"
10-Jun-24,533.18,535.99,532.57,535.66,525.91,"35,686,100"
7-Jun-24,533.66,536.89,532.54,534.01,524.29,"43,224,500"
6-Jun-24,534.98,535.42,532.68,534.66,524.93,"30,808,500"
5-Jun-24,530.77,534.69,528.73,534.67,524.94,"47,610,400"
4-Jun-24,526.46,529.15,524.96,528.39,518.77,"34,632,700"
3-Jun-24,529.02,529.31,522.6,527.8,518.19,"46,835,700"
31-May-24,523.59,527.5,518.36,527.37,517.77,"90,785,800"
30-May-24,524.52,525.2,521.33,522.61,513.1,"46,377,600"
29-May-24,525.68,527.31,525.37,526.1,516.52,"45,190,300"
28-May-24,530.27,530.51,527.11,529.81,520.17,"36,269,600"
24-May-24,527.85,530.27,526.88,529.44,519.8,"41,291,100"
23-May-24,532.96,533.07,524.72,525.96,516.39,"57,211,200"
22-May-24,530.65,531.38,527.6,529.83,520.19,"48,390,000"
21-May-24,529.28,531.52,529.07,531.36,521.69,"33,437,000"
20-May-24,529.57,531.56,529.17,530.06,520.41,"37,764,200"
17-May-24,528.81,529.52,527.32,529.45,519.81,"59,187,600"
16-May-24,529.88,531.52,528.54,528.69,519.07,"50,244,800"
15-May-24,525.83,530.08,525.18,529.78,520.14,"59,504,900"
14-May-24,521.11,523.83,520.56,523.3,513.78,"57,535,900"
13-May-24,522.56,522.67,519.74,520.91,511.43,"36,716,400"
10-May-24,521.81,522.64,519.59,520.84,511.36,"52,233,200"
9-May-24,517.38,520.21,516.71,520.17,510.7,"43,643,700"
8-May-24,515.26,517.74,515.14,517.19,507.78,"42,047,200"
7-May-24,517.56,518.57,516.45,517.14,507.73,"52,561,300"
6-May-24,513.75,516.61,513.3,516.57,507.17,"47,264,700"
3-May-24,511.16,512.55,508.56,511.29,501.98,"72,756,700"
2-May-24,504.15,505.89,499.55,505.03,495.84,"62,550,200"
1-May-24,501.38,508.19,499.87,500.35,491.24,"80,242,800"
30-Apr-24,508.56,509.56,501.98,501.98,492.84,"77,483,600"
29-Apr-24,510.09,510.75,507.25,510.06,500.78,"46,415,400"
26-Apr-24,506.35,509.88,505.7,508.26,499.01,"64,306,100"
25-Apr-24,499.18,504.27,497.49,503.49,494.33,"69,122,400"
24-Apr-24,506.56,507.37,503.13,505.41,496.21,"55,928,100"
23-Apr-24,501.78,506.09,499.53,505.65,496.45,"64,633,600"
22-Apr-24,497.83,502.38,495.43,499.72,490.63,"67,961,000"
19-Apr-24,499.44,500.46,493.86,495.16,486.15,"102,212,600"
18-Apr-24,501.98,504.13,498.56,499.52,490.43,"74,548,100"
17-Apr-24,506.05,506.22,499.12,500.55,491.44,"75,910,300"
16-Apr-24,504.94,506.5,502.21,503.53,494.37,"73,484,000"
15-Apr-24,515.13,515.3,503.58,504.45,495.27,"92,101,400"
12-Apr-24,514.37,515.82,509.08,510.85,501.55,"92,561,100"
11-Apr-24,515.68,519.48,512.08,518,508.57,"70,099,000"
10-Apr-24,513.48,516.16,512.09,514.12,504.76,"82,652,800"
9-Apr-24,520.5,520.75,514.35,519.32,509.87,"68,049,200"
8-Apr-24,519.15,520.18,517.89,518.72,509.28,"48,401,800"
5-Apr-24,514.46,520.44,514.01,518.43,508.99,"74,546,500"
4-Apr-24,523.52,523.87,512.76,513.07,503.73,"96,858,100"
3-Apr-24,517.72,520.95,517.67,519.41,509.96,"59,155,800"
2-Apr-24,518.24,518.98,516.48,518.84,509.4,"74,230,300"
1-Apr-24,523.83,524.38,520.97,522.16,512.66,"62,477,500"
28-Mar-24,523.21,524.61,522.78,523.07,513.55,"96,294,900"
27-Mar-24,521.71,523.21,519.49,523.17,513.65,"82,999,800"
26-Mar-24,521.23,521.58,518.4,518.81,509.37,"65,463,700"
25-Mar-24,519.8,520.95,519.61,519.77,510.31,"48,512,100"
22-Mar-24,522.11,522.61,520.97,521.21,511.72,"79,070,800"
21-Mar-24,523.39,524.11,521.91,522.2,512.7,"60,256,100"
20-Mar-24,515.77,520.62,515.08,520.48,511.01,"69,594,600"
19-Mar-24,512.15,516,511.12,515.71,506.32,"60,755,300"
18-Mar-24,514,515.48,512.44,512.86,503.53,"88,893,300"
15-Mar-24,510.21,511.7,508.12,509.83,500.55,"107,646,300"
14-Mar-24,516.97,517.13,511.82,514.95,504.01,"110,171,800"
13-Mar-24,517.11,517.29,514.49,515.97,505.01,"55,104,100"
12-Mar-24,513.45,517.38,510.86,516.78,505.8,"73,114,400"
11-Mar-24,510.48,511.88,508.5,511.28,500.42,"62,557,200"
8-Mar-24,515.46,518.22,511.13,511.72,500.85,"86,532,500"
7-Mar-24,513.14,515.89,509.81,514.81,503.87,"58,652,100"
6-Mar-24,510.55,512.07,508.42,509.75,498.92,"68,382,400"
5-Mar-24,510.24,510.7,504.91,507.18,496.41,"72,855,600"
4-Mar-24,512.03,514.2,512,512.3,501.42,"49,799,300"
1-Mar-24,508.98,513.29,508.56,512.85,501.96,"76,844,800"
29-Feb-24,508.07,509.74,505.35,508.08,497.29,"83,924,800"
28-Feb-24,505.33,506.86,504.96,506.26,495.51,"56,506,600"
27-Feb-24,506.7,507.16,504.75,506.93,496.16,"48,854,500"
26-Feb-24,508.3,508.75,505.86,505.99,495.24,"50,386,700"
23-Feb-24,509.27,510.13,507.1,507.85,497.06,"61,321,800"
22-Feb-24,504.01,508.49,503.02,507.5,496.72,"76,402,500"
21-Feb-24,495.42,497.37,493.56,497.21,486.65,"59,293,400"
20-Feb-24,497.72,498.41,494.45,496.76,486.21,"71,736,700"
16-Feb-24,501.7,502.87,498.75,499.51,488.9,"75,532,900"
15-Feb-24,499.29,502.2,498.8,502.01,491.35,"61,683,000"
14-Feb-24,496.79,499.07,494.4,498.57,487.98,"68,387,800"
13-Feb-24,494.53,497.09,490.72,494.08,483.59,"113,099,200"
12-Feb-24,501.17,503.5,500.24,500.98,490.34,"56,502,300"
9-Feb-24,498.84,501.65,498.49,501.2,490.55,"63,979,400"
8-Feb-24,498.1,498.71,497.26,498.32,487.74,"52,343,600"
7-Feb-24,496.29,498.53,495.36,498.1,487.52,"70,556,500"
6-Feb-24,493.52,494.32,492.05,493.98,483.49,"55,918,600"
5-Feb-24,493.7,494.38,490.23,492.55,482.09,"75,757,100"
2-Feb-24,489.65,496.05,489.3,494.35,483.85,"99,228,200"
1-Feb-24,484.63,489.23,483.8,489.2,478.81,"91,891,600"
31-Jan-24,488.62,489.08,482.86,482.88,472.62,"126,011,100"
30-Jan-24,490.56,491.62,490.11,490.89,480.46,"58,618,400"
29-Jan-24,487.73,491.42,487.17,491.27,480.83,"61,322,800"
26-Jan-24,487.59,489.12,486.54,487.41,477.06,"76,641,600"
25-Jan-24,487.58,488.31,485.39,488.03,477.66,"72,525,000"
24-Jan-24,487.81,488.77,484.88,485.39,475.08,"81,765,000"
23-Jan-24,484.01,485.11,482.89,484.86,474.56,"49,945,300"
22-Jan-24,484.01,485.22,482.78,483.45,473.18,"75,844,900"
19-Jan-24,477.65,482.72,476.54,482.43,472.18,"110,834,500"
18-Jan-24,474.01,477.06,472.42,476.49,466.37,"91,856,200"
17-Jan-24,471.82,472.79,469.87,472.29,462.26,"68,843,900"
16-Jan-24,475.26,476.61,473.06,474.93,464.84,"85,014,900"
12-Jan-24,477.84,478.6,475.23,476.68,466.55,"58,026,400"
11-Jan-24,477.59,478.12,472.26,476.35,466.23,"77,940,700"
10-Jan-24,474.16,477.45,473.87,476.56,466.44,"67,310,600"
9-Jan-24,471.87,474.93,471.35,473.88,463.81,"65,931,400"
8-Jan-24,468.43,474.75,468.3,474.6,464.52,"74,879,100"
5-Jan-24,467.49,470.44,466.43,467.92,457.98,"86,118,900"
4-Jan-24,468.3,470.96,467.05,467.28,457.35,"84,232,200"
3-Jan-24,470.43,471.19,468.17,468.79,458.83,"103,585,900"
2-Jan-24,472.16,473.67,470.49,472.65,462.61,"123,623,700"
29-Dec-23,476.49,477.03,473.3,475.31,465.21,"122,283,100"
28-Dec-23,476.88,477.55,476.26,476.69,466.56,"77,158,100"
27-Dec-23,475.44,476.66,474.89,476.51,466.39,"68,000,300"
26-Dec-23,474.07,476.58,473.99,475.65,465.55,"55,387,000"
22-Dec-23,473.86,475.38,471.7,473.65,463.59,"67,160,400"
21-Dec-23,471.33,472.98,468.84,472.7,462.66,"86,667,500"
20-Dec-23,473.96,475.9,467.82,468.26,458.31,"102,921,000"
19-Dec-23,472.53,474.92,472.45,474.84,464.75,"55,761,800"
18-Dec-23,470.98,472.98,469.89,471.97,461.94,"70,375,300"
15-Dec-23,469.49,470.7,467.43,469.33,459.36,"141,553,700"
14-Dec-23,472.5,473.73,469.25,472.01,460.12,"119,026,000"
13-Dec-23,464.49,470.76,464.12,470.5,458.65,"93,278,000"
12-Dec-23,461.63,464.2,460.6,464.1,452.41,"68,327,600"
11-Dec-23,459.69,462.17,459.47,461.99,450.35,"65,002,200"
8-Dec-23,457.46,460.75,457.21,460.2,448.61,"83,194,400"
7-Dec-23,456.91,458.9,456.29,458.23,446.69,"66,995,400"
6-Dec-23,458.81,458.84,454.31,454.76,443.3,"69,124,700"
5-Dec-23,455.26,457.59,454.87,456.6,445.1,"69,793,500"
4-Dec-23,455.6,459.12,454.34,456.69,445.18,"72,430,900"
1-Dec-23,455.77,459.65,455.16,459.1,447.53,"89,183,400"
30-Nov-23,455.48,456.76,453.34,456.4,444.9,"79,752,700"
29-Nov-23,457.15,458.32,454.2,454.61,443.16,"63,146,000"
28-Nov-23,454.08,456.27,453.5,454.93,443.47,"62,115,000"
27-Nov-23,454.65,455.49,454.08,454.48,443.03,"50,506,000"
24-Nov-23,455.07,455.5,454.73,455.3,443.83,"29,737,400"
22-Nov-23,454.98,456.38,453.89,455.02,443.56,"59,394,900"
21-Nov-23,453.18,454.13,451.96,453.27,441.85,"49,244,600"
20-Nov-23,450.53,455.13,450.52,454.26,442.82,"69,936,200"
17-Nov-23,450.24,451.42,449.29,450.79,439.43,"83,133,200"
16-Nov-23,449.22,450.56,448.12,450.23,438.89,"66,665,800"
15-Nov-23,450.11,451.38,448.8,449.68,438.35,"77,327,600"
14-Nov-23,446.32,450.06,446.09,448.73,437.42,"97,176,900"
13-Nov-23,439.23,441.33,438.42,440.19,429.1,"52,236,100"
10-Nov-23,435.98,440.93,433.83,440.61,429.51,"89,462,200"
9-Nov-23,438.43,438.47,433.4,433.84,422.91,"83,174,400"
8-Nov-23,437.55,438.09,434.87,437.25,426.23,"61,746,000"
7-Nov-23,435.69,437.59,434.51,436.93,425.92,"64,256,100"
6-Nov-23,435.47,436.15,433.68,435.69,424.71,"67,831,700"
3-Nov-23,433.14,436.29,433.01,434.69,423.74,"100,167,800"
2-Nov-23,426.58,430.92,426.56,430.76,419.91,"94,938,900"
1-Nov-23,419.2,423.5,418.65,422.66,412.01,"98,068,100"
31-Oct-23,416.18,418.53,414.21,418.2,407.66,"79,665,200"
30-Oct-23,413.56,416.68,412.22,415.59,405.12,"86,562,700"
27-Oct-23,414.19,414.6,409.21,410.68,400.33,"107,367,700"
26-Oct-23,416.45,417.33,411.6,412.55,402.16,"115,156,800"
25-Oct-23,421.89,421.92,417.02,417.55,407.03,"94,223,200"
24-Oct-23,422.65,424.82,420.74,423.63,412.96,"78,564,200"
23-Oct-23,419.61,424.45,417.8,420.46,409.87,"92,035,100"
20-Oct-23,425.98,426.54,421.08,421.19,410.58,"123,919,900"
19-Oct-23,430.95,432.82,425.73,426.43,415.69,"121,323,000"
18-Oct-23,434.19,435.18,429.09,430.21,419.37,"93,559,800"
17-Oct-23,432.81,438.14,432.45,436.02,425.04,"75,324,700"
16-Oct-23,433.82,437.14,433.57,436.04,425.05,"75,433,200"
13-Oct-23,435.21,436.45,429.88,431.5,420.63,"95,143,100"
12-Oct-23,436.95,437.34,431.23,433.66,422.73,"81,154,200"
11-Oct-23,435.64,436.58,433.18,436.32,425.33,"62,451,700"
10-Oct-23,432.94,437.22,432.53,434.54,423.59,"78,607,300"
9-Oct-23,427.58,432.88,427.01,432.29,421.4,"80,374,400"
6-Oct-23,421.97,431.13,420.6,429.54,418.72,"113,273,300"
5-Oct-23,424.36,425.37,421.17,424.5,413.81,"70,142,700"
4-Oct-23,422.07,425.43,420.56,424.66,413.96,"87,453,000"
3-Oct-23,425.06,427.37,420.18,421.59,410.97,"103,760,600"
2-Oct-23,426.62,428.6,424.46,427.31,416.54,"83,798,600"
29-Sep-23,431.67,431.85,425.91,427.48,416.71,"115,111,300"
28-Sep-23,425.48,430.25,424.87,428.52,417.72,"92,258,300"
27-Sep-23,427.09,427.67,422.29,426.05,415.32,"104,705,800"
26-Sep-23,429.09,429.82,425.02,425.88,415.15,"96,168,400"
25-Sep-23,429.17,432.27,428.72,432.23,421.34,"70,874,500"
22-Sep-23,432.45,434.1,429.99,430.42,419.58,"100,829,700"
21-Sep-23,435.7,435.97,431.23,431.39,420.52,"104,095,800"
20-Sep-23,444.01,444.44,438.43,438.64,427.59,"82,562,600"
19-Sep-23,442.68,443.29,439.94,442.71,431.56,"66,514,600"
18-Sep-23,443.05,444.97,442.56,443.63,432.45,"55,752,200"
15-Sep-23,447.14,447.48,442.92,443.37,432.2,"111,848,900"
14-Sep-23,449.07,451.08,447.72,450.36,437.47,"83,430,800"
13-Sep-23,446.22,447.71,445.08,446.51,433.73,"60,199,300"
12-Sep-23,446.95,448.53,445.39,445.99,433.23,"67,565,400"
11-Sep-23,448.24,448.77,446.47,448.45,435.62,"60,180,100"
8-Sep-23,444.9,447.11,444.53,445.52,432.77,"61,659,700"
7-Sep-23,443.11,445.55,442.75,444.85,432.12,"70,355,400"
6-Sep-23,448.4,448.51,443.81,446.22,433.45,"70,758,500"
5-Sep-23,450.73,451.06,449.17,449.24,436.38,"55,166,200"
1-Sep-23,453.17,453.67,449.68,451.19,438.28,"58,944,100"
31-Aug-23,451.65,452.83,450.16,450.35,437.46,"66,084,600"
30-Aug-23,449.51,451.67,448.78,451.01,438.1,"69,053,900"
29-Aug-23,442.65,449.45,442.46,449.16,436.31,"83,081,900"
28-Aug-23,442.24,443.4,439.97,442.76,430.09,"61,595,400"
25-Aug-23,438.68,441.3,435,439.97,427.38,"102,325,100"
24-Aug-23,444.69,445.22,436.86,436.89,424.39,"88,517,300"
23-Aug-23,439.25,443.67,439.1,443.03,430.35,"68,441,000"
22-Aug-23,441.18,441.18,437.57,438.15,425.61,"64,994,200"
21-Aug-23,437.55,440.11,435.32,439.34,426.77,"68,719,000"
18-Aug-23,433.37,437.57,433.01,436.5,424.01,"98,852,000"
17-Aug-23,441.16,441.43,435.75,436.29,423.8,"95,711,300"
16-Aug-23,442.46,444.18,439.53,439.64,427.06,"80,107,200"
15-Aug-23,446.27,446.64,442.3,442.89,430.21,"75,707,500"
14-Aug-23,444.7,448.11,444.38,448.11,435.29,"47,867,400"
11-Aug-23,443.97,446.7,443.35,445.65,432.9,"68,690,900"
10-Aug-23,448.19,451.7,444.7,445.91,433.15,"93,005,500"
9-Aug-23,449.03,449.2,444.96,445.75,432.99,"78,789,600"
8-Aug-23,448.08,450.7,445.27,448.75,435.91,"71,361,300"
7-Aug-23,448.71,450.87,447.99,450.71,437.81,"58,357,500"
4-Aug-23,450.72,452.9,446.27,446.81,434.02,"100,128,900"
3-Aug-23,448.04,450.79,447.37,448.84,435.99,"64,276,100"
2-Aug-23,453.25,453.52,449.35,450.13,437.25,"93,933,400"
1-Aug-23,456.27,457.25,455.49,456.48,443.42,"55,291,500"
31-Jul-23,457.41,458.16,456.05,457.79,444.69,"62,040,400"
28-Jul-23,455.88,457.78,452.49,456.92,443.84,"80,011,800"
27-Jul-23,459.02,459.44,451.55,452.49,439.54,"92,194,400"
26-Jul-23,454.47,456.99,453.38,455.51,442.47,"71,052,900"
25-Jul-23,453.92,456.74,453.87,455.44,442.41,"55,191,200"
24-Jul-23,453.37,455.04,452.3,454.2,441.2,"54,023,400"
21-Jul-23,453.96,454.17,452.17,452.18,439.24,"71,275,600"
20-Jul-23,454.17,455.1,451.44,452.18,439.24,"70,591,600"
19-Jul-23,455.01,456.43,454.11,455.2,442.17,"65,891,700"
18-Jul-23,450.5,454.86,450.05,454.19,441.19,"80,668,200"
17-Jul-23,449.13,451.93,449.08,450.84,437.94,"52,680,200"
14-Jul-23,450.48,451.36,448.49,449.28,436.42,"69,815,800"
13-Jul-23,447.9,450.38,447.45,449.56,436.69,"72,425,200"
12-Jul-23,446.39,447.48,444.91,446.02,433.26,"91,924,500"
11-Jul-23,440.45,442.97,439.44,442.46,429.8,"64,463,800"
10-Jul-23,438.18,439.84,437.59,439.66,427.08,"62,443,500"
7-Jul-23,438.63,442.64,438.3,438.55,426,"86,134,200"
6-Jul-23,439.42,440.1,437.06,439.66,427.08,"80,658,300"
5-Jul-23,441.91,443.89,441.9,443.13,430.45,"58,418,400"
3-Jul-23,442.92,444.08,442.63,443.79,431.09,"32,793,400"
30-Jun-23,441.44,444.3,441.11,443.28,430.59,"104,964,000"
29-Jun-23,435.96,438.28,435.54,438.11,425.57,"67,882,300"
28-Jun-23,435.05,437.44,434.41,436.39,423.9,"75,636,000"
27-Jun-23,432.35,436.81,431.88,436.17,423.69,"72,813,700"
26-Jun-23,432.62,434.61,431.19,431.44,419.09,"72,823,600"
23-Jun-23,432.93,435.06,432.47,433.21,420.81,"92,074,500"
22-Jun-23,433.95,436.62,433.6,436.51,424.02,"70,637,200"
21-Jun-23,436.16,436.99,434.33,434.94,422.49,"76,982,300"
20-Jun-23,437.45,438.37,435.03,437.18,424.67,"76,160,400"
16-Jun-23,443.02,443.61,438.97,439.46,426.88,"114,165,800"
15-Jun-23,436.33,443.9,436.23,442.6,428.34,"110,303,100"
14-Jun-23,437.01,439.06,433.59,437.18,423.1,"100,612,100"
13-Jun-23,435.32,437.33,434.63,436.66,422.59,"95,899,700"
12-Jun-23,430.92,433.88,430.17,433.8,419.83,"76,104,300"
9-Jun-23,429.96,431.99,428.87,429.9,416.05,"85,742,800"
8-Jun-23,426.62,429.6,425.82,429.13,415.31,"61,952,800"
7-Jun-23,428.44,429.62,426.11,426.55,412.81,"85,373,300"
6-Jun-23,426.67,428.58,425.99,428.03,414.24,"64,022,200"
5-Jun-23,428.28,429.62,426.37,427.1,413.34,"65,460,200"
2-Jun-23,424.5,428.74,423.95,427.92,414.13,"91,426,200"
1-Jun-23,418.09,422.92,416.79,421.82,408.23,"88,865,000"
31-May-23,418.28,419.22,416.22,417.85,404.39,"110,811,800"
30-May-23,422.03,422.58,418.74,420.18,406.64,"72,216,000"
26-May-23,415.33,420.77,415.25,420.02,406.49,"93,830,000"
25-May-23,414.74,416.16,412.41,414.65,401.29,"90,961,600"
24-May-23,412.42,412.82,409.88,411.09,397.85,"89,213,700"
23-May-23,417.08,418.72,413.68,414.09,400.75,"86,383,500"
22-May-23,418.64,420.39,417.35,418.79,405.3,"60,745,400"
19-May-23,420.17,420.72,417.35,418.62,405.13,"103,793,300"
18-May-23,414.9,419.67,414.67,419.23,405.72,"97,177,200"
17-May-23,412.35,415.86,410.64,415.23,401.85,"87,287,000"
16-May-23,411.86,412.82,410.24,410.25,397.03,"57,705,500"
15-May-23,412.22,413.43,410.23,413.01,399.71,"54,289,400"
12-May-23,413.42,413.64,409.07,411.59,398.33,"70,481,500"
11-May-23,411.95,412.43,409.97,412.13,398.85,"70,157,100"
10-May-23,413.88,414.54,408.87,412.85,399.55,"96,142,900"
9-May-23,411.13,412.09,410.69,410.93,397.69,"49,220,100"
8-May-23,412.97,413.24,411.28,412.74,399.44,"50,046,800"
5-May-23,408.91,413.72,408.64,412.63,399.34,"87,891,800"
4-May-23,406.93,407.27,403.74,405.13,392.08,"94,901,900"
3-May-23,411.36,413.87,407.77,408.02,394.88,"91,531,800"
2-May-23,414.77,414.82,407.82,410.84,397.6,"103,998,500"
1-May-23,415.47,417.62,415.27,415.51,402.12,"62,122,300"
28-Apr-23,411.49,415.94,411.43,415.93,402.53,"89,433,100"
27-Apr-23,407,412.69,406.74,412.41,399.12,"92,968,400"
26-Apr-23,406.72,407.84,403.78,404.36,391.33,"80,447,000"
25-Apr-23,410.58,411.16,406.02,406.08,393,"97,766,700"
24-Apr-23,411.99,413.07,410.6,412.63,399.34,"64,332,100"
21-Apr-23,412.19,412.68,410.17,412.2,398.92,"73,457,400"
20-Apr-23,411.21,413.7,410.27,411.88,398.61,"75,840,400"
19-Apr-23,412.22,415.08,412.16,414.14,400.8,"55,227,300"
18-Apr-23,415.58,415.72,412.78,414.21,400.87,"63,560,000"
17-Apr-23,412.37,413.96,411.09,413.94,400.61,"66,436,400"
14-Apr-23,412.81,415.09,410.06,412.46,399.17,"78,161,500"
13-Apr-23,409.18,413.84,407.99,413.47,400.15,"85,814,800"
12-Apr-23,411.87,412.17,407.44,408.05,394.9,"86,420,400"
11-Apr-23,410.26,411.18,408.92,409.72,396.52,"59,297,900"
10-Apr-23,406.61,409.69,405.97,409.61,396.41,"63,681,000"
6-Apr-23,406.77,409.48,405.68,409.19,396.01,"63,743,300"
5-Apr-23,407.91,408.7,405.88,407.6,394.47,"65,200,200"
4-Apr-23,411.62,411.92,407.24,408.67,395.5,"66,601,500"
3-Apr-23,408.85,411.37,408.44,410.95,397.71,"67,391,100"
31-Mar-23,404.66,409.7,404.55,409.39,396.2,"112,062,600"
30-Mar-23,404.09,404.35,401.76,403.7,390.69,"69,840,000"
29-Mar-23,399.93,401.6,398.68,401.35,388.42,"77,497,900"
28-Mar-23,395.77,396.49,393.69,395.6,382.86,"62,871,700"
27-Mar-23,398.12,398.92,395.56,396.49,383.72,"74,010,400"
24-Mar-23,391.84,395.84,389.4,395.75,383,"107,682,400"
23-Mar-23,395.09,399.29,390.35,393.17,380.5,"119,351,300"
22-Mar-23,398.73,402.49,392.07,392.11,379.48,"111,746,600"
21-Mar-23,397.24,399.41,395.58,398.91,386.06,"91,524,200"
20-Mar-23,390.8,394.17,390.07,393.74,381.06,"93,055,800"
17-Mar-23,393.22,394.4,388.55,389.99,377.43,"140,553,400"
16-Mar-23,386.82,396.47,386.29,396.11,381.89,"143,254,200"
15-Mar-23,385.89,389.49,383.71,389.28,375.31,"172,996,900"
14-Mar-23,390.5,393.45,387.05,391.73,377.67,"149,752,400"
13-Mar-23,381.81,390.39,380.65,385.36,371.53,"157,790,000"
10-Mar-23,390.99,393.16,384.32,385.91,372.06,"189,253,000"
9-Mar-23,399.74,401.48,390.53,391.56,377.51,"111,945,300"
8-Mar-23,398.39,399.71,396.59,398.92,384.6,"74,746,600"
7-Mar-23,404.42,404.67,397.63,398.27,383.97,"108,310,600"
6-Mar-23,405.05,407.45,404.01,404.47,389.95,"72,795,900"
3-Mar-23,399.71,404.45,399.03,404.19,389.68,"90,120,000"
2-Mar-23,392.68,398.69,392.33,397.81,383.53,"85,127,800"
1-Mar-23,395.41,396.69,393.38,394.74,380.57,"99,706,800"
28-Feb-23,397.23,399.28,396.15,396.26,382.04,"96,438,600"
27-Feb-23,399.87,401.29,396.75,397.73,383.45,"80,444,700"
24-Feb-23,395.42,397.25,393.64,396.38,382.15,"108,194,400"
23-Feb-23,401.56,402.2,396.25,400.66,386.28,"96,242,400"
22-Feb-23,399.52,401.13,397.02,398.54,384.23,"83,742,300"
21-Feb-23,403.06,404.16,398.82,399.09,384.76,"82,655,900"
17-Feb-23,406.06,407.51,404.05,407.26,392.64,"89,257,800"
16-Feb-23,408.79,412.91,408.14,408.28,393.63,"76,431,500"
15-Feb-23,410.35,414.06,409.47,413.98,399.12,"61,555,700"
14-Feb-23,411.24,415.05,408.51,412.64,397.83,"88,389,300"
13-Feb-23,408.72,412.97,408.24,412.83,398.01,"64,913,500"
10-Feb-23,405.86,408.44,405.01,408.04,393.39,"70,769,700"
9-Feb-23,414.41,414.57,405.81,407.09,392.48,"78,694,900"
8-Feb-23,413.13,414.53,409.93,410.65,395.91,"76,227,500"
7-Feb-23,408.87,416.49,407.57,415.19,400.29,"90,990,700"
6-Feb-23,409.79,411.29,408.1,409.83,395.12,"60,295,300"
3-Feb-23,411.59,416.97,411.09,412.35,397.55,"94,736,800"
2-Feb-23,414.86,418.31,412.88,416.78,401.82,"101,654,500"
1-Feb-23,405.21,413.67,402.35,410.8,396.05,"101,459,200"
31-Jan-23,401.13,406.53,400.77,406.48,391.89,"86,811,800"
30-Jan-23,402.8,405.13,400.28,400.59,386.21,"74,202,000"
27-Jan-23,403.66,408.16,403.44,405.68,391.12,"68,346,200"
26-Jan-23,403.13,404.92,400.03,404.75,390.22,"72,287,400"
25-Jan-23,395.95,400.7,393.56,400.35,385.98,"84,800,300"
24-Jan-23,398.88,401.15,397.64,400.2,385.84,"59,524,900"
23-Jan-23,396.72,402.65,395.72,400.63,386.25,"84,178,800"
20-Jan-23,390.1,396.04,388.38,395.88,381.67,"91,806,400"
19-Jan-23,389.36,391.08,387.26,388.64,374.69,"86,958,900"
18-Jan-23,399.01,400.12,391.28,391.49,377.44,"99,632,300"
17-Jan-23,398.48,400.23,397.06,397.77,383.49,"62,677,300"
13-Jan-23,393.62,399.1,393.34,398.5,384.2,"63,903,900"
12-Jan-23,396.67,398.49,392.42,396.96,382.71,"90,157,700"
11-Jan-23,392.23,395.6,391.38,395.52,381.32,"68,881,100"
10-Jan-23,387.25,390.65,386.27,390.58,376.56,"65,358,100"
9-Jan-23,390.37,393.7,387.67,387.86,373.94,"73,978,100"
6-Jan-23,382.61,389.25,379.41,388.08,374.15,"104,189,600"
5-Jan-23,381.72,381.84,378.76,379.38,365.76,"76,970,500"
4-Jan-23,383.18,385.88,380,383.76,369.99,"85,934,100"
3-Jan-23,384.37,386.43,377.83,380.82,367.15,"74,850,700"
30-Dec-22,380.64,382.58,378.43,382.43,368.7,"84,022,200"
29-Dec-22,379.63,384.35,379.08,383.44,369.68,"66,970,900"
28-Dec-22,381.33,383.39,376.42,376.66,363.14,"70,911,500"
27-Dec-22,382.79,383.15,379.65,381.4,367.71,"51,638,200"
23-Dec-22,379.65,383.06,378.03,382.91,369.17,"59,857,300"
22-Dec-22,383.05,386.21,374.77,380.72,367.05,"100,120,900"
21-Dec-22,383.25,387.41,382.69,386.23,372.37,"78,167,400"
20-Dec-22,379.23,382.23,377.85,380.54,366.88,"74,427,200"
19-Dec-22,383.47,383.82,378.28,380.02,366.38,"79,878,100"
16-Dec-22,385.18,386.58,381.04,383.27,369.51,"119,858,000"
15-Dec-22,394.3,395.25,387.89,389.63,373.93,"117,705,900"
14-Dec-22,401.61,405.5,396.31,399.4,383.3,"108,111,300"
13-Dec-22,410.22,410.49,399.07,401.97,385.77,"123,782,500"
12-Dec-22,394.11,398.95,393.41,398.95,382.87,"75,405,800"
9-Dec-22,394.94,397.62,393.15,393.28,377.43,"81,447,700"
8-Dec-22,395.14,397.36,393.27,396.24,380.27,"60,737,900"
7-Dec-22,392.94,395.64,391.97,393.16,377.32,"65,927,900"
6-Dec-22,399.42,399.99,391.64,393.83,377.96,"77,972,200"
5-Dec-22,403.95,404.93,398.17,399.59,383.49,"77,289,800"
2-Dec-22,402.25,407.86,402.14,406.91,390.51,"85,342,700"
1-Dec-22,408.77,410,404.75,407.38,390.96,"76,398,200"
30-Nov-22,395.49,407.68,393.48,407.68,391.25,"144,566,700"
29-Nov-22,396.05,397.3,393.3,395.23,379.3,"52,310,000"
28-Nov-22,399.09,400.81,395.11,395.91,379.95,"67,881,600"
25-Nov-22,401.83,402.91,401.54,402.33,386.12,"30,545,400"
23-Nov-22,399.55,402.93,399.31,402.42,386.2,"68,261,600"
22-Nov-22,396.63,400.07,395.15,399.9,383.78,"60,429,000"
21-Nov-22,394.64,395.82,392.66,394.59,378.69,"51,243,200"
18-Nov-22,397.74,397.81,393.04,396.03,380.07,"92,922,500"
17-Nov-22,390.46,394.95,390.14,394.24,378.35,"74,496,300"
16-Nov-22,396.78,397.78,394.79,395.45,379.51,"68,508,500"
15-Nov-22,401.15,402.31,394.49,398.49,382.43,"93,194,500"
14-Nov-22,396.66,400.18,394.83,395.12,379.2,"71,903,500"
11-Nov-22,395.59,399.35,393.61,398.51,382.45,"93,839,900"
10-Nov-22,388.05,395.04,385.64,394.69,378.78,"141,455,800"
9-Nov-22,379.93,381.14,373.61,374.13,359.05,"78,495,500"
8-Nov-22,381.11,385.12,377.72,382,366.6,"84,641,100"
7-Nov-22,377.71,380.57,375.53,379.95,364.64,"68,286,900"
4-Nov-22,377,378.87,370,376.35,361.18,"103,505,200"
3-Nov-22,371.47,374.2,368.79,371.01,356.06,"87,100,100"
2-Nov-22,383.9,388.63,374.76,374.87,359.76,"126,990,400"
1-Nov-22,390.14,390.39,383.29,384.52,369.02,"85,407,600"
31-Oct-22,386.44,388.4,385.26,386.21,370.65,"96,631,300"
28-Oct-22,379.87,389.52,379.68,389.02,373.34,"100,302,000"
27-Oct-22,383.07,385,379.33,379.98,364.67,"81,971,800"
26-Oct-22,381.62,387.58,381.35,382.02,366.62,"104,087,300"
25-Oct-22,378.79,385.25,378.67,384.92,369.41,"78,846,300"
24-Oct-22,375.89,380.06,373.11,378.87,363.6,"85,436,900"
21-Oct-22,365.12,374.8,363.54,374.29,359.21,"131,038,400"
20-Oct-22,368.03,372.67,364.61,365.41,350.68,"88,283,100"
19-Oct-22,368.99,371.85,365.55,368.5,353.65,"79,746,900"
18-Oct-22,375.13,375.45,367.52,371.13,356.17,"97,162,900"
17-Oct-22,364.01,367.98,357.28,366.82,352.04,"93,168,200"
14-Oct-22,368.55,370.26,356.96,357.63,343.22,"123,737,000"
13-Oct-22,349.21,367.51,348.11,365.97,351.22,"147,254,500"
12-Oct-22,358.17,359.82,356.3,356.56,342.19,"76,991,800"
11-Oct-22,358.24,363.03,355.71,357.74,343.32,"92,482,800"
10-Oct-22,363.96,364.21,357.67,360.02,345.51,"76,042,800"
7-Oct-22,368.97,373.29,360.94,362.79,348.17,"107,789,500"
6-Oct-22,375.62,378.72,372.68,373.2,358.16,"82,333,500"
5-Oct-22,373.39,379.46,370.95,377.09,361.89,"88,065,700"
4-Oct-22,372.4,378,366.57,377.97,362.74,"103,602,800"
3-Oct-22,361.08,368.55,359.21,366.61,351.84,"89,756,500"
30-Sep-22,361.8,365.91,357.04,357.18,342.79,"153,711,200"
29-Sep-22,366.81,367.11,359.7,362.79,348.17,"112,952,300"
28-Sep-22,364.38,372.3,362.6,370.53,355.6,"110,802,200"
27-Sep-22,368.02,370.4,360.87,363.38,348.74,"108,294,100"
26-Sep-22,366.41,370.21,363.03,364.31,349.63,"92,581,200"
23-Sep-22,370.58,370.62,363.29,367.95,353.12,"122,346,900"
22-Sep-22,376.58,378.3,373.44,374.22,359.14,"89,472,600"
21-Sep-22,386.11,389.31,377.38,377.39,362.18,"106,746,600"
20-Sep-22,385.06,386.12,381.2,384.09,368.61,"77,274,900"
19-Sep-22,382.26,388.55,382.18,388.55,372.89,"73,278,500"
16-Sep-22,384.14,386.25,382.11,385.56,370.02,"103,084,800"
15-Sep-22,392.96,395.96,388.78,390.12,372.87,"87,633,800"
14-Sep-22,394.47,396.2,391.12,394.6,377.15,"85,023,700"
13-Sep-22,401.83,403.1,391.92,393.1,375.71,"122,947,100"
12-Sep-22,408.78,411.73,408.46,410.97,392.79,"69,256,300"
9-Sep-22,402.74,407.51,402.46,406.6,388.62,"76,706,900"
8-Sep-22,395.39,400.86,394.12,400.38,382.67,"80,821,700"
7-Sep-22,390.43,398.59,390.2,397.78,380.19,"70,964,200"
6-Sep-22,393.13,394.12,388.42,390.76,373.48,"76,637,400"
2-Sep-22,400.28,401.56,390.33,392.24,374.89,"99,632,100"
1-Sep-22,392.89,396.78,390.04,396.42,378.89,"78,740,100"
31-Aug-22,399.93,401.24,395.04,395.18,377.7,"76,029,700"
30-Aug-22,403.85,404.1,396,398.21,380.6,"85,652,400"
29-Aug-22,402.2,405.84,401.2,402.63,384.82,"65,370,800"
26-Aug-22,419.39,419.96,405.25,405.31,387.38,"103,087,000"
25-Aug-22,415.24,419.56,414.09,419.51,400.96,"50,942,300"
24-Aug-22,412.11,415.11,411.39,413.67,395.37,"49,177,800"
23-Aug-22,412.9,415.42,411.77,412.35,394.11,"49,105,200"
22-Aug-22,417.05,417.23,412.4,413.35,395.07,"77,695,600"
19-Aug-22,424.98,425.26,421.22,422.14,403.47,"68,016,900"
18-Aug-22,426.86,428.61,425.5,427.89,408.97,"49,023,200"
17-Aug-22,425.91,429.5,424.54,426.65,407.78,"63,563,400"
16-Aug-22,427.73,431.73,426.88,429.7,410.7,"59,289,000"
15-Aug-22,424.77,429.41,424.71,428.86,409.89,"54,048,300"
12-Aug-22,422.03,427.21,421.03,427.1,408.21,"61,694,500"
11-Aug-22,422.99,424.95,419.21,419.99,401.42,"59,489,700"
10-Aug-22,418.78,420.14,416.72,419.99,401.42,"68,665,700"
9-Aug-22,412.22,412.75,410.22,411.35,393.16,"44,931,800"
8-Aug-22,415.25,417.62,411.83,412.99,394.72,"53,886,100"
5-Aug-22,409.66,414.15,409.6,413.47,395.18,"56,814,900"
4-Aug-22,414.37,415.09,412.44,414.17,395.85,"45,656,600"
3-Aug-22,410.3,415.68,410,414.45,396.12,"67,820,600"
2-Aug-22,409.12,413,406.82,408.06,390.01,"63,435,400"
1-Aug-22,409.15,413.41,408.4,410.77,392.6,"69,997,500"
29-Jul-22,407.58,413.03,406.77,411.99,393.77,"87,003,700"
28-Jul-22,401.89,406.8,398.15,406.07,388.11,"73,966,600"
27-Jul-22,394.36,402.88,394.05,401.04,383.3,"82,342,100"
26-Jul-22,393.84,394.06,389.95,390.89,373.6,"52,946,400"
25-Jul-22,395.75,396.47,393.21,395.57,378.08,"53,631,500"
22-Jul-22,398.92,400.18,392.75,395.09,377.62,"72,197,300"
21-Jul-22,394.16,398.84,391.63,398.79,381.15,"64,903,900"
20-Jul-22,392.47,396.26,391.03,394.77,377.31,"71,843,800"
19-Jul-22,386.08,392.87,385.39,392.27,374.92,"78,506,000"
18-Jul-22,388.38,389.09,380.66,381.95,365.06,"63,203,600"
15-Jul-22,382.55,385.25,380.54,385.13,368.1,"79,060,400"
14-Jul-22,373.61,379.05,371.04,377.91,361.2,"89,704,800"
13-Jul-22,375.1,381.92,374.66,378.83,362.08,"84,224,600"
12-Jul-22,383.65,386.16,378.99,380.83,363.99,"62,219,200"
11-Jul-22,385.85,386.87,383.5,384.23,367.24,"58,366,900"
8-Jul-22,387.27,390.64,385.66,388.67,371.48,"72,397,800"
7-Jul-22,385.12,389.83,383.27,388.99,371.79,"64,525,900"
6-Jul-22,382.11,385.87,379.6,383.25,366.3,"70,426,200"
5-Jul-22,375.88,381.98,372.9,381.96,365.07,"81,438,000"
1-Jul-22,376.56,381.7,373.8,381.24,364.38,"74,839,700"
30-Jun-22,376.24,380.66,372.56,377.25,360.57,"112,508,300"
29-Jun-22,381.23,382.27,378.42,380.34,363.52,"65,676,000"
28-Jun-22,390.23,393.16,380.53,380.65,363.81,"86,548,900"
27-Jun-22,391.05,391.36,387.44,388.59,371.4,"66,009,600"
24-Jun-22,381.4,390.09,381.37,390.08,372.83,"98,050,300"
23-Jun-22,376.64,378.83,372.89,378.06,361.34,"79,292,100"
22-Jun-22,370.62,378.72,370.18,374.39,357.83,"90,059,400"
21-Jun-22,371.89,376.53,371.81,375.07,358.48,"76,811,900"
17-Jun-22,365.51,369.38,362.17,365.86,349.68,"111,113,900"
16-Jun-22,370.51,370.94,364.08,366.65,348.93,"134,473,300"
15-Jun-22,377.36,383.9,372.12,379.2,360.87,"125,666,800"
14-Jun-22,376.85,377.94,370.59,373.87,355.8,"104,011,800"
13-Jun-22,379.85,381.81,373.3,375,356.87,"170,004,900"
10-Jun-22,394.88,395.78,389.75,389.8,370.96,"132,893,900"
9-Jun-22,409.34,411.74,401.44,401.44,382.04,"86,289,800"
8-Jun-22,413.93,415.82,410.38,411.22,391.34,"64,350,000"
7-Jun-22,408.1,416.22,407.61,415.74,395.64,"59,272,400"
6-Jun-22,414.78,416.61,410.55,411.79,391.88,"57,508,900"
3-Jun-22,412.4,414.04,409.51,410.54,390.7,"71,874,300"
2-Jun-22,409.42,417.44,407.04,417.39,397.21,"79,609,600"
1-Jun-22,415.17,416.24,406.93,409.59,389.79,"86,585,800"
31-May-22,413.55,416.46,410.03,412.93,392.97,"95,937,000"
27-May-22,407.91,415.38,407.7,415.26,395.19,"84,768,700"
26-May-22,398.67,407.04,398.45,405.31,385.72,"82,168,300"
25-May-22,392.31,399.45,391.89,397.37,378.16,"91,472,900"
24-May-22,392.56,395.15,386.96,393.89,374.85,"91,448,800"
23-May-22,392.83,397.73,390.38,396.92,377.73,"76,414,900"
20-May-22,393.25,397.03,380.54,389.63,370.8,"131,432,200"
19-May-22,388.62,394.14,387.11,389.46,370.63,"98,510,700"
18-May-22,403.5,403.8,390.55,391.86,372.92,"117,674,500"
17-May-22,406.53,408.57,402.58,408.32,388.58,"83,029,700"
16-May-22,399.98,403.97,397.6,400.09,380.75,"78,622,400"
13-May-22,396.71,403.18,395.61,401.72,382.3,"104,174,400"
12-May-22,389.37,395.8,385.15,392.34,373.37,"125,090,800"
11-May-22,398.07,404.04,391.96,392.75,373.77,"142,361,000"
10-May-22,404.49,406.08,394.82,399.09,379.8,"132,497,200"
9-May-22,405.1,406.41,396.5,398.17,378.92,"155,586,100"
6-May-22,411.1,414.8,405.73,411.34,391.46,"151,770,800"
5-May-22,424.55,425,409.44,413.81,393.81,"172,929,100"
4-May-22,417.08,429.66,413.71,429.06,408.32,"144,247,900"
3-May-22,415.01,418.93,413.36,416.38,396.25,"100,028,200"
2-May-22,412.07,415.92,405.02,414.48,394.44,"158,312,500"
29-Apr-22,423.59,425.87,411.21,412,392.08,"145,491,100"
28-Apr-22,422.29,429.64,417.6,427.81,407.13,"105,449,100"
27-Apr-22,417.24,422.92,415.01,417.27,397.1,"122,030,000"
26-Apr-22,425.83,426.04,416.07,416.1,395.99,"103,996,300"
25-Apr-22,423.67,428.69,418.84,428.51,407.8,"119,647,700"
22-Apr-22,436.91,438.08,425.44,426.04,405.45,"132,471,800"
21-Apr-22,448.54,450.01,437.1,438.06,416.89,"85,417,300"
20-Apr-22,446.92,447.57,443.48,444.71,423.21,"65,224,400"
19-Apr-22,437.86,445.8,437.68,445.04,423.53,"77,821,000"
18-Apr-22,436.81,439.75,435.61,437.97,416.8,"66,002,500"
14-Apr-22,443.55,444.73,437.68,437.79,416.63,"97,869,500"
13-Apr-22,438.03,444.11,437.84,443.31,421.88,"74,070,400"
12-Apr-22,443.08,445.75,436.65,438.29,417.1,"84,363,600"
11-Apr-22,444.11,445,439.39,439.92,418.66,"89,770,500"
8-Apr-22,447.97,450.63,445.94,447.57,425.94,"79,272,700"
7-Apr-22,445.59,450.69,443.53,448.77,427.08,"78,097,200"
6-Apr-22,446.89,448.93,443.47,446.52,424.94,"106,898,000"
5-Apr-22,455.22,457.83,449.82,451.03,429.23,"74,214,500"
4-Apr-22,453.13,456.91,452.26,456.8,434.72,"59,601,000"
1-Apr-22,453.31,453.46,449.14,452.92,431.03,"89,048,800"
31-Mar-22,457.89,458.76,451.16,451.64,429.81,"121,699,900"
30-Mar-22,460.34,461.2,456.47,458.7,436.53,"79,666,900"
29-Mar-22,460.02,462.07,457.18,461.55,439.24,"86,581,500"
28-Mar-22,452.06,455.91,450.06,455.91,433.87,"68,529,800"
25-Mar-22,451.16,452.98,448.43,452.69,430.81,"77,101,300"
24-Mar-22,445.94,450.5,444.76,450.49,428.71,"64,736,900"
23-Mar-22,446.91,448.49,443.71,443.8,422.35,"79,426,100"
22-Mar-22,445.86,450.58,445.86,449.59,427.86,"74,650,400"
21-Mar-22,444.34,446.46,440.68,444.39,422.91,"88,349,800"
18-Mar-22,438,444.86,437.22,444.52,423.03,"106,345,500"
17-Mar-22,433.59,441.07,433.19,441.07,418.45,"102,676,900"
16-Mar-22,429.89,435.68,424.8,435.62,413.28,"144,954,800"
15-Mar-22,419.77,426.84,418.42,426.17,404.31,"106,219,100"
14-Mar-22,420.89,424.55,415.79,417,395.61,"95,729,200"
11-Mar-22,428.12,428.77,419.53,420.07,398.53,"95,636,300"
10-Mar-22,422.52,426.43,420.44,425.48,403.66,"93,972,700"
9-Mar-22,425.14,429.51,422.82,427.41,405.49,"116,990,800"
8-Mar-22,419.62,427.21,415.12,416.25,394.9,"164,772,700"
7-Mar-22,431.55,432.3,419.36,419.43,397.92,"137,896,600"
4-Mar-22,431.75,433.37,427.88,432.17,410.01,"113,978,200"
3-Mar-22,440.47,441.11,433.8,435.71,413.36,"105,501,700"
2-Mar-22,432.37,439.72,431.57,437.89,415.43,"117,726,500"
1-Mar-22,435.04,437.17,427.11,429.98,407.93,"137,785,900"
28-Feb-22,432.03,438.2,430.7,436.63,414.24,"145,615,000"
25-Feb-22,429.61,437.84,427.86,437.75,415.3,"121,804,500"
24-Feb-22,411.02,428.76,410.64,428.3,406.33,"213,942,900"
23-Feb-22,432.66,433.26,421.35,421.95,400.31,"132,578,000"
22-Feb-22,431.89,435.5,425.86,429.57,407.54,"124,391,800"
18-Feb-22,437.33,438.66,431.82,434.23,411.96,"132,642,900"
17-Feb-22,443.22,446.57,436.42,437.06,414.65,"102,259,100"
16-Feb-22,443.93,448.06,441.94,446.6,423.7,"84,863,600"
15-Feb-22,443.73,446.28,443.18,446.1,423.22,"88,482,700"
14-Feb-22,439.92,441.6,435.34,439.02,416.5,"123,006,300"
11-Feb-22,449.41,451.61,438.94,440.46,417.87,"153,214,600"
10-Feb-22,451.34,457.71,447.2,449.32,426.28,"140,103,700"
9-Feb-22,455.22,457.88,455.01,457.54,434.07,"92,589,900"
8-Feb-22,446.73,451.92,445.22,450.94,427.81,"81,012,000"
7-Feb-22,449.51,450.99,445.85,447.26,424.32,"84,472,900"
4-Feb-22,446.35,452.78,443.83,448.7,425.69,"118,454,400"
3-Feb-22,450.95,452.97,445.71,446.6,423.7,"118,024,400"
2-Feb-22,455.5,458.12,453.05,457.35,433.89,"117,361,000"
1-Feb-22,450.68,453.63,446.94,452.95,429.72,"123,155,400"
31-Jan-22,441.24,450.28,439.81,449.91,426.84,"152,251,400"
28-Jan-22,432.68,442,427.82,441.95,419.28,"164,457,400"
27-Jan-22,438.26,441.59,429.45,431.24,409.12,"149,878,300"
26-Jan-22,440.72,444.04,428.86,433.38,411.15,"186,391,100"
25-Jan-22,433.06,439.72,427.15,434.47,412.19,"167,997,300"
24-Jan-22,432.03,440.38,420.76,439.84,417.28,"251,783,900"
21-Jan-22,445.56,448.06,437.95,437.98,415.52,"202,271,200"
20-Jan-22,453.75,458.74,444.5,446.75,423.84,"122,379,700"
19-Jan-22,458.13,459.61,451.46,451.75,428.58,"109,357,600"
18-Jan-22,459.74,459.96,455.31,456.49,433.08,"109,709,100"
14-Jan-22,461.19,465.09,459.9,464.72,440.89,"95,890,900"
13-Jan-22,472.19,472.88,463.44,464.53,440.71,"91,173,100"
12-Jan-22,471.59,473.2,468.94,471.02,446.86,"67,605,400"
11-Jan-22,465.23,469.85,462.05,469.75,445.66,"74,303,100"
10-Jan-22,462.7,465.74,456.6,465.51,441.64,"119,362,000"
7-Jan-22,467.95,469.2,464.65,466.09,442.19,"85,111,600"
6-Jan-22,467.89,470.82,465.43,467.94,443.94,"86,858,900"
5-Jan-22,477.16,477.98,468.28,468.38,444.36,"104,538,900"
4-Jan-22,479.22,479.98,475.58,477.55,453.06,"71,178,700"
3-Jan-22,476.3,477.85,473.85,477.71,453.21,"72,668,200"
31-Dec-21,475.64,476.86,474.67,474.96,450.6,"65,237,400"
30-Dec-21,477.93,479,475.67,476.16,451.74,"55,329,000"
29-Dec-21,476.98,478.56,475.92,477.48,452.99,"54,503,000"
28-Dec-21,477.72,478.81,476.06,476.87,452.41,"47,274,600"
27-Dec-21,472.06,477.31,472.01,477.26,452.78,"56,808,600"
23-Dec-21,468.75,472.19,468.64,470.6,446.47,"56,439,700"
22-Dec-21,462.79,467.81,462.58,467.69,443.7,"58,890,200"
21-Dec-21,458.61,463.21,456.31,463.06,439.31,"69,806,300"
20-Dec-21,454.48,455.4,451.14,454.98,431.65,"107,134,800"
17-Dec-21,461.55,464.74,458.06,459.87,436.29,"135,511,600"
16-Dec-21,472.57,472.87,464.8,466.45,440.98,"116,568,600"
15-Dec-21,463.42,470.86,460.74,470.6,444.9,"116,899,300"
14-Dec-21,463.09,465.74,460.25,463.36,438.06,"97,264,100"
13-Dec-21,470.19,470.56,466.27,466.57,441.09,"87,724,700"
10-Dec-21,469.23,470.9,466.51,470.74,445.03,"77,159,800"
9-Dec-21,468.15,469.63,466.14,466.35,440.88,"61,272,600"
8-Dec-21,468.7,470,466.83,469.52,443.88,"72,238,800"
7-Dec-21,464.41,468.88,458.65,468.28,442.71,"95,484,700"
6-Dec-21,456.13,460.79,453.56,458.79,433.74,"98,977,500"
3-Dec-21,459.17,460.3,448.92,453.42,428.66,"137,331,600"
2-Dec-21,450.73,459.07,450.31,457.4,432.42,"127,637,800"
1-Dec-21,461.64,464.67,450.29,450.5,425.9,"131,939,200"
30-Nov-21,462,464.03,455.3,455.56,430.68,"148,559,600"
29-Nov-21,464.07,466.56,461.73,464.6,439.23,"86,268,800"
26-Nov-21,462.34,463.9,457.77,458.97,433.91,"112,669,600"
24-Nov-21,466.06,469.57,465.19,469.44,443.81,"61,858,800"
23-Nov-21,467.22,469.1,464.45,468.19,442.62,"73,206,500"
22-Nov-21,470.89,473.54,467.35,467.57,442.04,"72,762,000"
19-Nov-21,469.61,470.94,468.5,468.89,443.29,"57,315,600"
18-Nov-21,469.24,470.01,466.34,469.73,444.08,"50,625,600"
17-Nov-21,469,469.19,467.48,468.14,442.58,"47,858,300"
16-Nov-21,467.15,470.49,467.07,469.28,443.65,"48,857,500"
15-Nov-21,468.64,468.81,466.23,467.43,441.91,"46,980,500"
12-Nov-21,465.12,467.86,464.11,467.27,441.75,"53,466,700"
11-Nov-21,465.21,465.29,463.75,463.77,438.44,"34,848,500"
10-Nov-21,465.58,467.38,462.04,463.62,438.3,"69,429,700"
9-Nov-21,469.32,469.57,465.88,467.38,441.86,"51,149,100"
8-Nov-21,469.7,470.23,468.2,468.93,443.32,"50,405,200"
5-Nov-21,469.28,470.65,466.92,468.53,442.95,"66,390,600"
4-Nov-21,465.36,467,464.99,466.91,441.41,"52,847,100"
3-Nov-21,461.3,465.15,460.83,464.72,439.34,"52,509,800"
2-Nov-21,460.22,462.23,460.08,461.9,436.68,"48,908,400"
1-Nov-21,460.3,460.7,458.2,460.04,434.92,"48,433,600"
29-Oct-21,455.87,459.56,455.56,459.25,434.17,"70,162,400"
28-Oct-21,455.46,458.4,455.45,458.32,433.29,"51,437,900"
27-Oct-21,456.45,457.16,453.86,453.94,429.15,"72,438,000"
26-Oct-21,457.2,458.49,455.56,455.96,431.06,"56,075,100"
25-Oct-21,454.28,455.9,452.39,455.55,430.67,"45,214,500"
22-Oct-21,453.13,454.67,451.05,453.12,428.38,"58,845,100"
21-Oct-21,451.77,453.83,451.31,453.59,428.82,"41,305,400"
20-Oct-21,451.13,452.73,451.01,452.41,427.71,"49,571,600"
19-Oct-21,448.92,450.71,448.27,450.64,426.03,"46,996,800"
18-Oct-21,443.97,447.55,443.27,447.19,422.77,"62,213,200"
15-Oct-21,444.75,446.26,444.09,445.87,421.52,"66,260,200"
14-Oct-21,439.08,442.66,438.58,442.5,418.34,"70,236,800"
13-Oct-21,434.71,436.05,431.54,435.18,411.42,"72,974,000"
12-Oct-21,435.67,436.1,432.78,433.62,409.94,"71,181,200"
11-Oct-21,437.16,440.26,434.62,434.69,410.95,"65,233,300"
8-Oct-21,439.48,439.89,437.19,437.86,413.95,"74,557,400"
7-Oct-21,438.39,441.68,438.2,438.66,414.71,"72,437,500"
6-Oct-21,429.27,435.12,427.54,434.9,411.15,"113,032,200"
5-Oct-21,430.24,435.49,429.39,433.1,409.45,"90,682,500"
4-Oct-21,433,433.96,426.36,428.64,405.23,"128,570,000"
1-Oct-21,430.98,436.03,427.23,434.24,410.53,"129,240,100"
30-Sep-21,436.02,436.77,428.78,429.14,405.71,"140,506,000"
29-Sep-21,435.19,437.04,433.85,434.45,410.73,"82,329,200"
28-Sep-21,439.69,440.04,432.94,433.72,410.04,"130,436,300"
27-Sep-21,442.81,444.05,441.9,442.64,418.47,"61,371,100"
24-Sep-21,441.44,444.67,441.21,443.91,419.67,"62,094,800"
23-Sep-21,439.85,444.89,439.6,443.18,418.98,"76,396,000"
22-Sep-21,436.05,440.03,433.75,437.86,413.95,"102,350,100"
21-Sep-21,436.53,437.91,433.07,433.63,409.95,"92,526,100"
20-Sep-21,434.88,436.56,428.86,434.04,410.34,"166,445,500"
17-Sep-21,444.92,445.37,441.02,441.4,417.3,"118,425,000"
16-Sep-21,447.32,448.36,444.02,447.17,421.4,"77,786,700"
15-Sep-21,444.62,448.41,443.44,447.88,422.07,"78,792,200"
14-Sep-21,448.12,448.34,443.22,444.17,418.57,"78,197,100"
13-Sep-21,448.64,448.92,444.11,446.58,420.85,"83,738,600"
10-Sep-21,451.04,451.49,445.31,445.44,419.77,"89,948,200"
9-Sep-21,450.7,452.57,448.72,448.98,423.11,"57,970,400"
8-Sep-21,450.89,451.67,448.86,450.91,424.93,"56,181,900"
7-Sep-21,452.71,452.81,450.74,451.46,425.44,"51,671,500"
3-Sep-21,451.98,453.63,451.55,453.08,426.97,"47,170,500"
2-Sep-21,453.32,454.05,451.91,453.19,427.07,"42,501,000"
1-Sep-21,452.56,453.11,451.55,451.8,425.76,"48,721,400"
31-Aug-21,452.13,452.49,450.92,451.56,425.54,"59,300,200"
30-Aug-21,450.97,453.07,450.71,452.23,426.17,"48,357,400"
27-Aug-21,447.12,450.65,447.06,450.25,424.3,"77,235,100"
26-Aug-21,448.61,448.86,446.16,446.26,420.54,"57,829,600"
25-Aug-21,448.17,449.46,447.77,448.91,423.04,"40,529,700"
24-Aug-21,447.97,448.54,447.42,447.97,422.16,"38,744,700"
23-Aug-21,445.16,448.23,443.44,447.26,421.49,"54,973,000"
20-Aug-21,440.23,443.71,439.71,443.36,417.81,"72,008,700"
19-Aug-21,436.27,441.14,436.12,439.86,414.51,"92,812,200"
18-Aug-21,442.96,444.63,438.92,439.18,413.87,"89,351,900"
17-Aug-21,444.24,444.96,440.85,444.04,418.45,"92,673,900"
16-Aug-21,444.53,447.11,442.87,446.97,421.21,"73,740,000"
13-Aug-21,445.59,445.94,445.07,445.92,420.22,"39,470,300"
12-Aug-21,443.62,445.26,442.66,445.11,419.46,"38,909,400"
11-Aug-21,443.82,443.88,442.62,443.78,418.21,"44,034,300"
10-Aug-21,442.61,443.44,441.88,442.68,417.17,"43,339,300"
9-Aug-21,442.46,442.8,441.31,442.13,416.65,"41,222,600"
6-Aug-21,442.1,442.94,441.8,442.49,416.99,"46,930,000"
5-Aug-21,440.22,441.85,439.88,441.76,416.3,"38,969,700"
4-Aug-21,439.78,441.12,438.73,438.98,413.68,"46,732,200"
3-Aug-21,438.44,441.28,436.1,441.15,415.73,"58,053,900"
2-Aug-21,440.34,440.93,437.21,437.59,412.37,"58,783,300"
30-Jul-21,437.91,440.06,437.77,438.51,413.24,"68,951,200"
29-Jul-21,439.82,441.8,439.81,440.65,415.26,"47,435,300"
28-Jul-21,439.68,440.3,437.31,438.83,413.54,"52,472,400"
27-Jul-21,439.91,439.94,435.99,439.01,413.71,"67,397,100"
26-Jul-21,439.31,441.03,439.26,441.02,415.61,"43,719,200"
23-Jul-21,437.52,440.3,436.79,439.94,414.59,"63,766,600"
22-Jul-21,434.74,435.72,433.69,435.46,410.37,"47,878,500"
21-Jul-21,432.34,434.7,431.01,434.55,409.51,"64,724,400"
20-Jul-21,425.68,432.42,424.83,431.06,406.22,"99,608,200"
19-Jul-21,426.19,431.41,421.97,424.97,400.48,"147,987,000"
16-Jul-21,436.01,436.06,430.92,431.34,406.48,"75,874,700"
15-Jul-21,434.81,435.53,432.72,434.75,409.7,"55,126,400"
14-Jul-21,437.4,437.92,434.91,436.24,411.1,"64,130,400"
13-Jul-21,436.24,437.84,435.31,435.59,410.49,"52,911,300"
12-Jul-21,435.43,437.35,434.97,437.08,411.89,"52,889,600"
9-Jul-21,432.53,435.84,430.71,435.52,410.42,"76,238,600"
8-Jul-21,428.78,431.73,427.52,430.92,406.09,"97,595,200"
7-Jul-21,433.66,434.76,431.51,434.46,409.42,"63,549,500"
6-Jul-21,433.78,434.01,430.01,432.93,407.98,"68,710,400"
2-Jul-21,431.67,434.1,430.52,433.72,408.73,"57,697,700"
1-Jul-21,428.87,430.6,428.8,430.43,405.63,"53,441,000"
30-Jun-21,427.21,428.78,427.18,428.06,403.39,"64,827,900"
29-Jun-21,427.88,428.56,427.13,427.7,403.05,"35,970,500"
28-Jun-21,427.17,427.65,425.89,427.47,402.84,"53,159,600"
25-Jun-21,425.9,427.09,425.55,426.61,402.03,"58,129,500"
24-Jun-21,424.89,425.55,424.62,425.1,400.6,"45,110,300"
23-Jun-21,423.19,424.05,422.51,422.6,398.25,"49,445,400"
22-Jun-21,420.85,424,420.08,423.11,398.73,"57,700,300"
21-Jun-21,416.8,421.06,415.93,420.86,396.61,"72,822,000"
18-Jun-21,417.09,417.83,414.7,414.92,391.01,"118,676,300"
17-Jun-21,421.67,423.02,419.32,421.97,396.36,"90,949,700"
16-Jun-21,424.63,424.87,419.92,422.11,396.49,"80,386,100"
15-Jun-21,425.42,425.46,423.54,424.48,398.71,"51,508,500"
14-Jun-21,424.43,425.37,423.1,425.26,399.45,"42,358,500"
11-Jun-21,424.2,424.43,422.82,424.31,398.55,"45,570,800"
10-Jun-21,422.96,424.63,421.55,423.61,397.9,"51,020,100"
9-Jun-21,423.18,423.26,421.41,421.65,396.06,"48,436,300"
8-Jun-21,423.11,423.21,420.32,422.28,396.65,"47,134,300"
7-Jun-21,422.59,422.78,421.19,422.19,396.56,"51,555,000"
4-Jun-21,420.75,422.92,418.84,422.6,396.95,"55,938,800"
3-Jun-21,417.85,419.99,416.28,418.77,393.35,"58,138,800"
2-Jun-21,420.37,421.23,419.29,420.33,394.82,"49,097,100"
1-Jun-21,422.57,422.72,419.2,419.67,394.2,"54,216,600"
28-May-21,420.97,421.25,419.79,420.04,394.54,"58,520,200"
27-May-21,420.17,420.72,418.99,419.29,393.84,"56,707,700"
26-May-21,418.87,419.61,417.76,419.07,393.63,"43,088,600"
25-May-21,420.33,420.71,417.62,418.24,392.85,"57,451,400"
24-May-21,417.34,420.32,417.08,419.17,393.73,"51,376,700"
21-May-21,416.87,418.2,414.45,414.94,389.75,"76,578,700"
20-May-21,411.8,416.63,411.67,415.28,390.07,"78,022,200"
19-May-21,406.92,411.05,405.33,410.86,385.92,"106,467,100"
18-May-21,415.8,416.06,411.77,411.94,386.94,"59,810,200"
17-May-21,415.39,416.39,413.36,415.52,390.3,"65,129,200"
14-May-21,413.21,417.49,413.18,416.58,391.29,"82,201,600"
13-May-21,407.07,412.35,407.02,410.28,385.38,"106,394,000"
12-May-21,411.23,412.59,404,405.41,380.8,"134,811,000"
11-May-21,413.1,415.27,410.06,414.21,389.07,"116,888,000"
10-May-21,422.5,422.74,417.81,417.94,392.57,"81,852,400"
7-May-21,419.89,422.82,419.16,422.12,396.5,"67,733,800"
6-May-21,415.83,419.21,413.68,419.07,393.63,"74,321,400"
5-May-21,417.38,417.63,415.15,415.75,390.51,"60,162,200"
4-May-21,416.07,416.6,411.67,415.62,390.39,"101,591,200"
3-May-21,419.43,419.84,417.67,418.2,392.82,"68,128,300"
30-Apr-21,417.63,418.54,416.34,417.3,391.97,"85,527,000"
29-Apr-21,420.32,420.72,416.44,420.06,394.56,"78,544,300"
28-Apr-21,417.81,419.01,416.9,417.4,392.06,"51,238,900"
27-Apr-21,417.93,418.14,416.3,417.52,392.18,"51,303,100"
26-Apr-21,417.44,418.22,416.81,417.61,392.26,"52,182,400"
23-Apr-21,412.87,418.25,412.79,416.74,391.44,"73,209,200"
22-Apr-21,415.89,416.78,411.13,412.27,387.25,"97,582,800"
21-Apr-21,411.51,416.29,411.36,416.07,390.81,"66,793,000"
20-Apr-21,413.91,415.09,410.59,412.17,387.15,"81,851,800"
19-Apr-21,416.26,416.74,413.79,415.21,390.01,"78,498,500"
16-Apr-21,417.25,417.91,415.73,417.26,391.93,"82,037,300"
15-Apr-21,413.74,416.16,413.69,415.87,390.63,"60,229,800"
14-Apr-21,412.83,413.96,410.87,411.45,386.48,"61,659,900"
13-Apr-21,411.53,413.53,411.12,412.86,387.8,"56,551,000"
12-Apr-21,410.85,411.93,410.2,411.64,386.65,"56,704,900"
9-Apr-21,408.39,411.67,408.26,411.49,386.51,"61,104,600"
8-Apr-21,407.93,408.58,406.93,408.52,383.72,"57,863,100"
7-Apr-21,405.94,406.96,405.45,406.59,381.91,"55,836,300"
6-Apr-21,405.76,407.24,405.4,406.12,381.47,"62,021,000"
5-Apr-21,403.46,406.94,403.38,406.36,381.69,"91,684,800"
1-Apr-21,398.4,400.67,398.18,400.61,376.29,"99,682,900"
31-Mar-21,395.34,398,395.31,396.33,372.27,"112,734,200"
30-Mar-21,394.42,395.45,393.02,394.73,370.77,"76,262,200"
29-Mar-21,394.4,396.75,392.81,395.78,371.76,"108,107,600"
26-Mar-21,390.93,396.41,390.29,395.98,371.94,"114,409,100"
25-Mar-21,385.98,390.55,383.9,389.7,366.05,"116,128,600"
24-Mar-21,391,392.75,387.47,387.52,364,"97,588,600"
23-Mar-21,391.91,393.46,388.66,389.5,365.86,"90,686,600"
22-Mar-21,390.03,394.07,389.97,392.59,368.76,"73,778,600"
19-Mar-21,389.88,391.57,387.15,389.48,365.84,"113,624,500"
18-Mar-21,394.48,396.72,390.75,391.48,366.52,"115,349,100"
17-Mar-21,394.53,398.12,393.3,397.26,371.93,"97,959,300"
16-Mar-21,397.07,397.83,395.08,395.91,370.66,"73,722,500"
15-Mar-21,394.33,396.69,392.03,396.41,371.13,"73,427,200"
12-Mar-21,392.07,394.21,391.2,394.06,368.93,"64,653,600"
11-Mar-21,392.23,395.65,391.74,393.53,368.44,"86,245,000"
10-Mar-21,389.69,391.4,388.17,389.58,364.74,"109,899,400"
9-Mar-21,385.85,389.91,385.31,387.17,362.48,"113,633,600"
8-Mar-21,384.66,387.68,381.42,381.72,357.38,"123,149,200"
5-Mar-21,380.46,384.76,372.64,383.63,359.17,"152,039,600"
4-Mar-21,381.22,384,371.88,376.7,352.68,"183,433,000"
3-Mar-21,385.79,386.83,381.31,381.42,357.1,"119,940,200"
2-Mar-21,389.82,390.07,386,386.54,361.89,"79,595,300"
1-Mar-21,385.59,390.92,380.57,389.58,364.74,"105,348,800"
26-Feb-21,384.35,385.58,378.23,380.36,356.11,"152,701,600"
25-Feb-21,390.41,391.88,380.78,382.33,357.95,"146,670,500"
24-Feb-21,386.33,392.23,385.27,391.77,366.79,"72,433,900"
23-Feb-21,384.66,388.95,380.2,387.5,362.79,"107,284,100"
22-Feb-21,387.06,389.62,386.74,387.03,362.35,"67,414,200"
19-Feb-21,392.07,392.38,389.55,390.03,365.16,"83,241,000"
18-Feb-21,389.59,391.52,387.74,390.72,365.81,"59,712,800"
17-Feb-21,390.42,392.66,389.33,392.39,367.37,"52,290,600"
16-Feb-21,393.96,394.17,391.53,392.3,367.28,"50,972,400"
12-Feb-21,389.85,392.9,389.77,392.64,367.6,"50,593,300"
11-Feb-21,391.24,391.69,388.1,390.71,365.8,"42,913,300"
10-Feb-21,392.12,392.28,387.5,390.08,365.21,"59,154,400"
9-Feb-21,389.61,390.89,389.17,390.25,365.37,"35,551,100"
8-Feb-21,389.27,390.56,388.35,390.51,365.61,"38,365,200"
5-Feb-21,388.2,388.47,386.14,387.71,362.99,"48,669,800"
4-Feb-21,382.96,386.24,381.97,386.19,361.56,"47,142,600"
3-Feb-21,382.44,383.7,380.48,381.85,357.5,"52,427,100"
2-Feb-21,379.65,383.22,376.32,381.55,357.22,"64,450,700"
1-Feb-21,373.72,377.34,370.38,376.23,352.24,"75,817,600"
29-Jan-21,375.63,376.67,368.27,370.07,346.47,"126,765,100"
28-Jan-21,376.36,381.93,375.89,377.63,353.55,"94,198,100"
27-Jan-21,380.22,380.32,372.01,374.41,350.54,"123,351,100"
26-Jan-21,385.41,385.85,383.54,383.79,359.32,"42,665,300"
25-Jan-21,383.67,384.77,378.46,384.39,359.88,"70,402,000"
22-Jan-21,382.25,384.13,381.84,382.88,358.47,"52,860,500"
21-Jan-21,384.49,384.95,383.25,384.24,359.74,"47,840,100"
20-Jan-21,381.11,384.79,380.69,383.89,359.41,"61,836,100"
19-Jan-21,378.34,379.23,376.75,378.65,354.51,"51,233,300"
15-Jan-21,376.72,377.58,373.7,375.7,351.74,"107,160,000"
14-Jan-21,380.59,381.13,378.1,378.46,354.33,"49,989,100"
13-Jan-21,378.69,380.86,377.85,379.79,355.57,"45,303,600"
12-Jan-21,378.89,379.86,376.36,378.77,354.62,"52,547,700"
11-Jan-21,377.85,380.58,377.72,378.69,354.54,"51,034,700"
8-Jan-21,380.59,381.49,377.1,381.26,356.95,"71,677,200"
7-Jan-21,376.1,379.9,375.91,379.1,354.93,"68,766,800"
6-Jan-21,369.71,376.98,369.12,373.55,349.73,"107,997,700"
5-Jan-21,368.1,372.5,368.05,371.33,347.65,"66,426,200"
4-Jan-21,375.31,375.45,364.82,368.79,345.27,"110,210,800"
31-Dec-20,371.78,374.66,371.23,373.88,350.04,"78,520,700"
30-Dec-20,372.34,373.1,371.57,371.99,348.27,"49,455,300"
29-Dec-20,373.81,374,370.83,371.46,347.77,"53,680,500"
28-Dec-20,371.74,372.59,371.07,372.17,348.44,"39,000,400"
24-Dec-20,368.08,369.03,367.45,369,345.47,"26,457,900"
23-Dec-20,368.28,369.62,367.22,367.57,344.13,"46,201,400"
22-Dec-20,368.21,368.33,366.03,367.24,343.82,"47,949,000"
21-Dec-20,364.97,378.46,362.03,367.86,344.4,"96,386,700"
18-Dec-20,370.97,371.15,367.02,369.18,345.64,"136,542,300"
17-Dec-20,371.94,372.46,371.05,372.24,347.02,"64,119,500"
16-Dec-20,369.82,371.16,368.87,370.17,345.1,"58,420,500"
15-Dec-20,367.4,369.59,365.92,369.59,344.55,"63,865,300"
14-Dec-20,368.64,369.8,364.47,364.66,339.96,"69,216,200"
11-Dec-20,364.9,366.74,363.26,366.3,341.49,"57,698,600"
10-Dec-20,365.37,367.86,364.43,366.73,341.89,"57,735,400"
9-Dec-20,370.88,371.05,365.95,366.85,342,"74,098,300"
8-Dec-20,367.72,370.78,367.67,370.17,345.1,"42,458,900"
7-Dec-20,369.02,369.62,367.72,369.09,344.09,"48,944,300"
4-Dec-20,367.32,369.85,367.22,369.85,344.8,"50,749,900"
3-Dec-20,366.68,368.19,365.5,366.69,341.85,"62,882,000"
2-Dec-20,364.82,366.96,364.2,366.79,341.94,"45,927,000"
1-Dec-20,365.57,367.68,364.93,366.02,341.23,"74,231,400"
30-Nov-20,362.83,363.12,359.17,362.06,337.53,"83,872,700"
27-Nov-20,363.84,364.18,362.58,363.67,339.04,"28,514,100"
25-Nov-20,363.13,363.16,361.48,362.66,338.09,"45,330,900"
24-Nov-20,360.21,363.81,359.29,363.22,338.62,"62,415,900"
23-Nov-20,357.28,358.82,354.87,357.46,333.25,"63,230,600"
20-Nov-20,357.5,357.72,355.25,355.33,331.26,"70,417,300"
19-Nov-20,355.6,358.18,354.15,357.78,333.54,"59,940,900"
18-Nov-20,360.91,361.5,356.24,356.28,332.15,"70,591,300"
17-Nov-20,359.97,361.92,358.34,360.62,336.19,"66,111,000"
16-Nov-20,360.98,362.78,359.59,362.57,338.01,"74,541,100"