date,close,volume,return (%)
2020-11-16,362.57,74541100,0.0
2020-11-17,360.62,66111000,-0.5378271782000676
2020-11-18,356.28,70591300,-1.2034828905773454
2020-11-19,357.78,59940900,0.42101717750084866
2020-11-20,355.33,70417300,-0.6847783554139397
2020-11-23,357.46,63230600,0.5994427715081851
2020-11-24,363.22,62415900,1.6113691042354494
2020-11-25,362.66,45330900,-0.15417653212929094
2020-11-27,363.67,28514100,0.2784977665030608
2020-11-30,362.06,83872700,-0.4427090494129371
2020-12-01,366.02,74231400,1.0937413688338893
2020-12-02,366.79,45927000,0.2103710179771623
2020-12-03,366.69,62882000,-0.027263556803625022
2020-12-04,369.85,50749900,0.8617633423327664
2020-12-07,369.09,48944300,-0.20548871163986737
2020-12-08,370.17,42458900,0.2926115581565636
2020-12-09,366.85,74098300,-0.8968852149012552
2020-12-10,366.73,57735400,-0.03271091726864128
2020-12-11,366.3,57698600,-0.11725247457257115
2020-12-14,364.66,69216200,-0.4477204477204455
2020-12-15,369.59,63865300,1.3519442768606282
2020-12-16,370.17,58420500,0.15693065288564512
2020-12-17,372.24,64119500,0.5592025285679592
2020-12-18,369.18,136542300,-0.822050290135401
2020-12-21,367.86,96386700,-0.357549163009907
2020-12-22,367.24,47949000,-0.16854238025335588
2020-12-23,367.57,46201400,0.08985949243001112
2020-12-24,369.0,26457900,0.3890415431074379
2020-12-28,372.17,39000400,0.8590785907859111
2020-12-29,371.46,53680500,-0.19077303382863953
2020-12-30,371.99,49455300,0.14268023474937053
2020-12-31,373.88,78520700,0.5080781741444662
2021-01-04,368.79,110210800,-1.3613993794800439
2021-01-05,371.33,66426200,0.6887388486672474
2021-01-06,373.55,107997700,0.5978509681415556
2021-01-07,379.1,68766800,1.4857448802034545
2021-01-08,381.26,71677200,0.5697705091004979
2021-01-11,378.69,51034700,-0.674080679851019
2021-01-12,378.77,52547700,0.02112545881856054
2021-01-13,379.79,45303600,0.2692927106159537
2021-01-14,378.46,49989100,-0.3501935280023294
2021-01-15,375.7,107160000,-0.7292712572002258
2021-01-19,378.65,51233300,0.7852009582113295
2021-01-20,383.89,61836100,1.383863726396406
2021-01-21,384.24,47840100,0.0911719502982633
2021-01-22,382.88,52860500,-0.35394545075994044
2021-01-25,384.39,70402000,0.39437944003342107
2021-01-26,383.79,42665300,-0.1560914696011828
2021-01-27,374.41,123351100,-2.44404492039918
2021-01-28,377.63,94198100,0.8600197644293539
2021-01-29,370.07,126765100,-2.001959590074942
2021-02-01,376.23,75817600,1.664549950009464
2021-02-02,381.55,64450700,1.4140286526858503
2021-02-03,381.85,52427100,0.07862665443585382
2021-02-04,386.19,47142600,1.1365719523372952
2021-02-05,387.71,48669800,0.3935886480747719
2021-02-08,390.51,38365200,0.7221892651724238
2021-02-09,390.25,35551100,-0.0665796010345443
2021-02-10,390.08,59154400,-0.04356181934657144
2021-02-11,390.71,42913300,0.161505332239531
2021-02-12,392.64,50593300,0.49397251158147526
2021-02-16,392.3,50972400,-0.08659331703341211
2021-02-17,392.39,52290600,0.02294162630638308
2021-02-18,390.72,59712800,-0.4255969825938344
2021-02-19,390.03,83241000,-0.17659705159706052
2021-02-22,387.03,67414200,-0.7691716021844486
2021-02-23,387.5,107284100,0.12143761465519542
2021-02-24,391.77,72433900,1.1019354838709638
2021-02-25,382.33,146670500,-2.409577047757616
2021-02-26,380.36,152701600,-0.5152616849318559
2021-03-01,389.58,105348800,2.424019350089379
2021-03-02,386.54,79595300,-0.7803275322141756
2021-03-03,381.42,119940200,-1.324571842500133
2021-03-04,376.7,183433000,-1.2374809920822294
2021-03-05,383.63,152039600,1.8396602070613222
2021-03-08,381.72,123149200,-0.4978755571774851
2021-03-09,387.17,113633600,1.4277480876034865
2021-03-10,389.58,109899400,0.6224655835937565
2021-03-11,393.53,86245000,1.0139124185019721
2021-03-12,394.06,64653600,0.13467842350012305
2021-03-15,396.41,73427200,0.5963558848906425
2021-03-16,395.91,73722500,-0.12613203501424808
2021-03-17,397.26,97959300,0.34098658786085867
2021-03-18,391.48,115349100,-1.4549665206665563
2021-03-19,389.48,113624500,-0.5108817819556521
2021-03-22,392.59,73778600,0.7985005648556864
2021-03-23,389.5,90686600,-0.7870806694006416
2021-03-24,387.52,97588600,-0.5083440308087384
2021-03-25,389.7,116128600,0.5625516102394812
2021-03-26,395.98,114409100,1.6114960225814823
2021-03-29,395.78,108107600,-0.050507601394023105
2021-03-30,394.73,76262200,-0.2652989034311881
2021-03-31,396.33,112734200,0.40534035923287526
2021-04-01,400.61,99682900,1.0799081573436453
2021-04-05,406.36,91684800,1.4353111504954885
2021-04-06,406.12,62021000,-0.05906093119402156
2021-04-07,406.59,55836300,0.11572934108143862
2021-04-08,408.52,57863100,0.47467965272141033
2021-04-09,411.49,61104600,0.7270145892489976
2021-04-12,411.64,56704900,0.03645289071423363
2021-04-13,412.86,56551000,0.2963754737149049
2021-04-14,411.45,61659900,-0.34152012788839503
2021-04-15,415.87,60229800,1.0742496050552885
2021-04-16,417.26,82037300,0.3342390650924454
2021-04-19,415.21,78498500,-0.49130038824714006
2021-04-20,412.17,81851800,-0.7321596300667088
2021-04-21,416.07,66793000,0.9462115146662731
2021-04-22,412.27,97582800,-0.9133078568510089
2021-04-23,416.74,73209200,1.0842409100832118
2021-04-26,417.61,52182400,0.20876325766665538
2021-04-27,417.52,51303100,-0.021551208064951588
2021-04-28,417.4,51238900,-0.028741138149068757
2021-04-29,420.06,78544300,0.6372783900335577
2021-04-30,417.3,85527000,-0.6570489930009971
2021-05-03,418.2,68128300,0.21567217828899476
2021-05-04,415.62,101591200,-0.6169296987087458
2021-05-05,415.75,60162200,0.031278571772297425
2021-05-06,419.07,74321400,0.7985568250150399
2021-05-07,422.12,67733800,0.727802037845704
2021-05-10,417.94,81852400,-0.9902397422533848
2021-05-11,414.21,116888000,-0.8924726037230268
2021-05-12,405.41,134811000,-2.1245262065135884
2021-05-13,410.28,106394000,1.2012530524653897
2021-05-14,416.58,82201600,1.5355367066393733
2021-05-17,415.52,65129200,-0.2544529262086481
2021-05-18,411.94,59810200,-0.8615710435117441
2021-05-19,410.86,106467100,-0.2621741030247038
2021-05-20,415.28,78022200,1.0757922406659182
2021-05-21,414.94,76578700,-0.08187247158543132
2021-05-24,419.17,51376700,1.0194244951077236
2021-05-25,418.24,57451400,-0.2218670229262587
2021-05-26,419.07,43088600,0.1984506503442951
2021-05-27,419.29,56707700,0.05249719617248516
2021-05-28,420.04,58520200,0.17887381048915518
2021-06-01,419.67,54216600,-0.08808684887153806
2021-06-02,420.33,49097100,0.1572664236185517
2021-06-03,418.77,58138800,-0.37113696381414485
2021-06-04,422.6,55938800,0.914583184086748
2021-06-07,422.19,51555000,-0.0970184571699062
2021-06-08,422.28,47134300,0.021317416329136307
2021-06-09,421.65,48436300,-0.14919011082693556
2021-06-10,423.61,51020100,0.4648405075299511
2021-06-11,424.31,45570800,0.16524633507235542
2021-06-14,425.26,42358500,0.2238929084867225
2021-06-15,424.48,51508500,-0.18341720359309477
2021-06-16,422.11,80386100,-0.5583301922352013
2021-06-17,421.97,90949700,-0.03316671009926386
2021-06-18,414.92,118676300,-1.6707348863663318
2021-06-21,420.86,72822000,1.4316012725344551
2021-06-22,423.11,57700300,0.5346195884617266
2021-06-23,422.6,49445400,-0.120536030819407
2021-06-24,425.1,45110300,0.5915759583530633
2021-06-25,426.61,58129500,0.3552105386967819
2021-06-28,427.47,53159600,0.2015892735754088
2021-06-29,427.7,35970500,0.053804945376279
2021-06-30,428.06,64827900,0.08417114800094438
2021-07-01,430.43,53441000,0.5536607017707862
2021-07-02,433.72,57697700,0.7643519271426369
2021-07-06,432.93,68710400,-0.18214516277783588
2021-07-07,434.46,63549500,0.3534058623795966
2021-07-08,430.92,97595200,-0.8148045850020602
2021-07-09,435.52,76238600,1.067483523623869
2021-07-12,437.08,52889600,0.3581925055106572
2021-07-13,435.59,52911300,-0.34089869131509465
2021-07-14,436.24,64130400,0.14922289308754166
2021-07-15,434.75,55126400,-0.34155510728040017
2021-07-16,431.34,75874700,-0.7843588269120239
2021-07-19,424.97,147987000,-1.4767932489451407
2021-07-20,431.06,99608200,1.4330423323999364
2021-07-21,434.55,64724400,0.809632069781463
2021-07-22,435.46,47878500,0.2094120354389606
2021-07-23,439.94,63766600,1.0287971340651403
2021-07-26,441.02,43719200,0.2454880210937871
2021-07-27,439.01,67397100,-0.45576164346288195
2021-07-28,438.83,52472400,-0.041001343932944856
2021-07-29,440.65,47435300,0.4147391928537303
2021-07-30,438.51,68951200,-0.48564620447066886
2021-08-02,437.59,58783300,-0.2098013728307313
2021-08-03,441.15,58053900,0.813546927489206
2021-08-04,438.98,46732200,-0.49189618043747885
2021-08-05,441.76,38969700,0.6332862544990547
2021-08-06,442.49,46930000,0.1652480985150362
2021-08-09,442.13,41222600,-0.08135777079708584
2021-08-10,442.68,43339300,0.12439780155157898
2021-08-11,443.78,44034300,0.2484864913707252
2021-08-12,445.11,38909400,0.2996980485826306
2021-08-13,445.92,39470300,0.18197748871064956
2021-08-16,446.97,73740000,0.23546824542519662
2021-08-17,444.04,92673900,-0.6555249793050999
2021-08-18,439.18,89351900,-1.094495991352129
2021-08-19,439.86,92812200,0.15483400883464782
2021-08-20,443.36,72008700,0.7957077251852906
2021-08-23,447.26,54973000,0.8796463370624341
2021-08-24,447.97,38744700,0.15874435451415092
2021-08-25,448.91,40529700,0.2098354800544655
2021-08-26,446.26,57829600,-0.5903187721369663
2021-08-27,450.25,77235100,0.8940976112580046
2021-08-30,452.23,48357400,0.43975569128262837
2021-08-31,451.56,59300200,-0.1481547000420136
2021-09-01,451.8,48721400,0.05314908317832767
2021-09-02,453.19,42501000,0.3076582558654284
2021-09-03,453.08,47170500,-0.024272380237877478
2021-09-07,451.46,51671500,-0.35755275006621456
2021-09-08,450.91,56181900,-0.12182696141407323
2021-09-09,448.98,57970400,-0.42802333059812625
2021-09-10,445.44,89948200,-0.7884538286783371
2021-09-13,446.58,83738600,0.2559267241379226
2021-09-14,444.17,78197100,-0.5396569483631097
2021-09-15,447.88,78792200,0.8352657766170557
2021-09-16,447.17,77786700,-0.15852460480485497
2021-09-17,441.4,118425000,-1.290337008296627
2021-09-20,434.04,166445500,-1.6674218396012574
2021-09-21,433.63,92526100,-0.09446133996867667
2021-09-22,437.86,102350100,0.9754860134215892
2021-09-23,443.18,76396000,1.2150002283835004
2021-09-24,443.91,62094800,0.16471862448665942
2021-09-27,442.64,61371100,-0.28609402806876183
2021-09-28,433.72,130436300,-2.015181637448027
2021-09-29,434.45,82329200,0.16831135294659294
2021-09-30,429.14,140506000,-1.2222350097824797
2021-10-01,434.24,129240100,1.1884233583445925
2021-10-04,428.64,128570000,-1.2896094325718588
2021-10-05,433.1,90682500,1.0405001866368169
2021-10-06,434.9,113032200,0.41560840452550263
2021-10-07,438.66,72437500,0.8645665670269143
2021-10-08,437.86,74557400,-0.18237359230384165
2021-10-11,434.69,65233300,-0.7239756999954383
2021-10-12,433.62,71181200,-0.2461524304676832
2021-10-13,435.18,72974000,0.359762003597619
2021-10-14,442.5,70236800,1.6820625947883583
2021-10-15,445.87,66260200,0.7615819209039643
2021-10-18,447.19,62213200,0.29605041828335565
2021-10-19,450.64,46996800,0.7714841566224706
2021-10-20,452.41,49571600,0.3927747203976706
2021-10-21,453.59,41305400,0.2608253575296704
2021-10-22,453.12,58845100,-0.10361780462531112
2021-10-25,455.55,45214500,0.5362817796610075
2021-10-26,455.96,56075100,0.09000109757435482
2021-10-27,453.94,72438000,-0.4430213176594422
2021-10-28,458.32,51437900,0.964885227122525
2021-10-29,459.25,70162400,0.20291499389073486
2021-11-01,460.04,48433600,0.17201959716930393
2021-11-02,461.9,48908400,0.40431266846361336
2021-11-03,464.72,52509800,0.6105217579562838
2021-11-04,466.91,52847100,0.47125150628335444
2021-11-05,468.53,66390600,0.34696194127346036
2021-11-08,468.93,50405200,0.08537340191663301
2021-11-09,467.38,51149100,-0.3305397394067322
2021-11-10,463.62,69429700,-0.8044845735803774
2021-11-11,463.77,34848500,0.0323540830852842
2021-11-12,467.27,53466700,0.7546844340944769
2021-11-15,467.43,46980500,0.03424144498898052
2021-11-16,469.28,48857500,0.39578118648779803
2021-11-17,468.14,47858300,-0.2429253324241376
2021-11-18,469.73,50625600,0.3396419874396539
2021-11-19,468.89,57315600,-0.17882613416217996
2021-11-22,467.57,72762000,-0.28151592057839014
2021-11-23,468.19,73206500,0.13260046624035127
2021-11-24,469.44,61858800,0.2669856254939207
2021-11-26,458.97,112669600,-2.230316973415125
2021-11-29,464.6,86268800,1.2266596945334163
2021-11-30,455.56,148559600,-1.9457597933706494
2021-12-01,450.5,131939200,-1.1107208710158911
2021-12-02,457.4,127637800,1.531631520532728
2021-12-03,453.42,137331600,-0.8701355487538143
2021-12-06,458.79,98977500,1.1843324070398342
2021-12-07,468.28,95484700,2.0684844918154255
2021-12-08,469.52,72238800,0.2647988383018829
2021-12-09,466.35,61272600,-0.6751576077696275
2021-12-10,470.74,77159800,0.9413530610056897
2021-12-13,466.57,87724700,-0.8858393168203249
2021-12-14,463.36,97264100,-0.6879996570718139
2021-12-15,470.6,116899300,1.5625
2021-12-16,466.45,116568600,-0.8818529536761655
2021-12-17,459.87,135511600,-1.410654946939649
2021-12-20,454.98,107134800,-1.0633439885184948
2021-12-21,463.06,69806300,1.77590223746098
2021-12-22,467.69,58890200,0.9998704271584558
2021-12-23,470.6,56439700,0.6222070174688454
2021-12-27,477.26,56808600,1.4152146196344972
2021-12-28,476.87,47274600,-0.08171646482001416
2021-12-29,477.48,54503000,0.12791746178204555
2021-12-30,476.16,55329000,-0.2764513696908777
2021-12-31,474.96,65237400,-0.2520161290322731
2022-01-03,477.71,72668200,0.5789961259895504
2022-01-04,477.55,71178700,-0.03349312344308464
2022-01-05,468.38,104538900,-1.9202177782431162
2022-01-06,467.94,86858900,-0.09394081728510972
2022-01-07,466.09,85111600,-0.3953498311749404
2022-01-10,465.51,119362000,-0.1244394859361897
2022-01-11,469.75,74303100,0.9108289832656657
2022-01-12,471.02,67605400,0.2703565726450252
2022-01-13,464.53,91173100,-1.3778608127043457
2022-01-14,464.72,95890900,0.04090155641187643
2022-01-18,456.49,109709100,-1.7709588569461254
2022-01-19,451.75,109357600,-1.038357904882914
2022-01-20,446.75,122379700,-1.1068068622025473
2022-01-21,437.98,202271200,-1.9630665920537194
2022-01-24,439.84,251783900,0.4246769258870131
2022-01-25,434.47,167997300,-1.2208985085485513
2022-01-26,433.38,186391100,-0.2508803829953776
2022-01-27,431.24,149878300,-0.4937929761410276
2022-01-28,441.95,164457400,2.483535850106655
2022-01-31,449.91,152251400,1.8011087227062017
2022-02-01,452.95,123155400,0.6756906936942864
2022-02-02,457.35,117361000,0.9714096478640188
2022-02-03,446.6,118024400,-2.35049743085165
2022-02-04,448.7,118454400,0.4702194357366629
2022-02-07,447.26,84472900,-0.3209271227991972
2022-02-08,450.94,81012000,0.8227876402987055
2022-02-09,457.54,92589900,1.4636093493591185
2022-02-10,449.32,140103700,-1.7965642348210076
2022-02-11,440.46,153214600,-1.9718686014421838
2022-02-14,439.02,123006300,-0.3269309358398087
2022-02-15,446.1,88482700,1.612682793494602
2022-02-16,446.6,84863600,0.112082492714638
2022-02-17,437.06,102259100,-2.1361397223466194
2022-02-18,434.23,132642900,-0.6475083512561208
2022-02-22,429.57,124391800,-1.0731639914331126
2022-02-23,421.95,132578000,-1.7738668901459587
2022-02-24,428.3,213942900,1.5049176442706536
2022-02-25,437.75,121804500,2.2063973850104945
2022-02-28,436.63,145615000,-0.2558537978298081
2022-03-01,429.98,137785900,-1.5230286512607827
2022-03-02,437.89,117726500,1.8396204474626643
2022-03-03,435.71,105501700,-0.49784192377081427
2022-03-04,432.17,113978200,-0.8124670078721974
2022-03-07,419.43,137896600,-2.9479140153180428
2022-03-08,416.25,164772700,-0.758171804591945
2022-03-09,427.41,116990800,2.6810810810810937
2022-03-10,425.48,93972700,-0.45155705294681603
2022-03-11,420.07,95636300,-1.271505123625083
2022-03-14,417.0,95729200,-0.7308305758564004
2022-03-15,426.17,106219100,2.1990407673860846
2022-03-16,435.62,144954800,2.2174249712556104
2022-03-17,441.07,102676900,1.2510903998898204
2022-03-18,444.52,106345500,0.7821887682227358
2022-03-21,444.39,88349800,-0.029245028345181723
2022-03-22,449.59,74650400,1.170143342559471
2022-03-23,443.8,79426100,-1.287840032029175
2022-03-24,450.49,64736900,1.5074357818837258
2022-03-25,452.69,77101300,0.48835712224466477
2022-03-28,455.91,68529800,0.7113035410545976
2022-03-29,461.55,86581500,1.2370862670263882
2022-03-30,458.7,79666900,-0.6174845628859282
2022-03-31,451.64,121699900,-1.5391323304992377
2022-04-01,452.92,89048800,0.28341156673457046
2022-04-04,456.8,59601000,0.8566634284200347
2022-04-05,451.03,74214500,-1.2631348511383589
2022-04-06,446.52,106898000,-0.9999334855774533
2022-04-07,448.77,78097200,0.5038968019349666
2022-04-08,447.57,79272700,-0.26739755331238735
2022-04-11,439.92,89770500,-1.709229841142168
2022-04-12,438.29,84363600,-0.37052191307510585
2022-04-13,443.31,74070400,1.1453603778320165
2022-04-14,437.79,97869500,-1.245178317655815
2022-04-18,437.97,66002500,0.04111560337147768
2022-04-19,445.04,77821000,1.6142658172934254
2022-04-20,444.71,65224400,-0.07415063814489864
2022-04-21,438.06,85417300,-1.495356524476621
2022-04-22,426.04,132471800,-2.7439163584896953
2022-04-25,428.51,119647700,0.5797577692235434
2022-04-26,416.1,103996300,-2.8960817717206044
2022-04-27,417.27,122030000,0.28118240807497585
2022-04-28,427.81,105449100,2.525942435353623
2022-04-29,412.0,145491100,-3.695565788550992
2022-05-02,414.48,158312500,0.6019417475728206
2022-05-03,416.38,100028200,0.45840571318278567
2022-05-04,429.06,144247900,3.0452951630721925
2022-05-05,413.81,172929100,-3.5542814524775035
2022-05-06,411.34,151770800,-0.5968922935646881
2022-05-09,398.17,155586100,-3.2017309281859196
2022-05-10,399.09,132497200,0.23105708616921738
2022-05-11,392.75,142361000,-1.5886140970708285
2022-05-12,392.34,125090800,-0.10439210693826695
2022-05-13,401.72,104174400,2.3907835041035996
2022-05-16,400.09,78622400,-0.4057552524146302
2022-05-17,408.32,83029700,2.057037166637521
2022-05-18,391.86,117674500,-4.031152037617547
2022-05-19,389.46,98510700,-0.6124636349716828
2022-05-20,389.63,131432200,0.043650182303700547
2022-05-23,396.92,76414900,1.8710058260400952
2022-05-24,393.89,91448800,-0.7633780106822585
2022-05-25,397.37,91472900,0.8834953921145638
2022-05-26,405.31,82168300,1.9981377557440227
2022-05-27,415.26,84768700,2.4549110557351206
2022-05-31,412.93,95937000,-0.561094254202188
2022-06-01,409.59,86585800,-0.8088538008863555
2022-06-02,417.39,79609600,1.904343367757999
2022-06-03,410.54,71874300,-1.6411509619300824
2022-06-06,411.79,57508900,0.30447703025284767
2022-06-07,415.74,59272400,0.959226790354295
2022-06-08,411.22,64350000,-1.087217972771437
2022-06-09,401.44,86289800,-2.3782889937259966
2022-06-10,389.8,132893900,-2.899561578318055
2022-06-13,375.0,170004900,-3.7968188814776815
2022-06-14,373.87,104011800,-0.30133333333333123
2022-06-15,379.2,125666800,1.425629229411296
2022-06-16,366.65,134473300,-3.309599156118148
2022-06-17,365.86,111113900,-0.21546433928814057
2022-06-21,375.07,76811900,2.517356365822976
2022-06-22,374.39,90059400,-0.18129949076172158
2022-06-23,378.06,79292100,0.9802612249258935
2022-06-24,390.08,98050300,3.179389514891806
2022-06-27,388.59,66009600,-0.3819729286300255
2022-06-28,380.65,86548900,-2.04328469595203
2022-06-29,380.34,65676000,-0.08143964271640769
2022-06-30,377.25,112508300,-0.812430982804857
2022-07-01,381.24,74839700,1.0576540755467212
2022-07-05,381.96,81438000,0.18885741265344258
2022-07-06,383.25,70426200,0.33773169965440886
2022-07-07,388.99,64525900,1.4977168949771746
2022-07-08,388.67,72397800,-0.08226432556106555
2022-07-11,384.23,58366900,-1.1423572696632078
2022-07-12,380.83,62219200,-0.8848866564297508
2022-07-13,378.83,84224600,-0.5251687104482317
2022-07-14,377.91,89704800,-0.2428529947469782
2022-07-15,385.13,79060400,1.9105077928607272
2022-07-18,381.95,63203600,-0.8256952197959189
2022-07-19,392.27,78506000,2.701924335646022
2022-07-20,394.77,71843800,0.6373161342952516
2022-07-21,398.79,64903900,1.0183144615852457
2022-07-22,395.09,72197300,-0.9278066150104181
2022-07-25,395.57,53631500,0.1214913057784317
2022-07-26,390.89,52946400,-1.1831028642212527
2022-07-27,401.04,82342100,2.596638440481991
2022-07-28,406.07,73966600,1.2542389786554864
2022-07-29,411.99,87003700,1.45787672076243
2022-08-01,410.77,69997500,-0.29612369232263624
2022-08-02,408.06,63435400,-0.6597365922535681
2022-08-03,414.45,67820600,1.5659461843846367
2022-08-04,414.17,45656600,-0.06755941609360994
2022-08-05,413.47,56814900,-0.16901272424366676
2022-08-08,412.99,53886100,-0.11609064744722009
2022-08-09,411.35,44931800,-0.39710404610280303
2022-08-10,419.99,68665700,2.100401118269102
2022-08-11,419.99,59489700,0.0
2022-08-12,427.1,61694500,1.692897449939279
2022-08-15,428.86,54048300,0.4120814797471395
2022-08-16,429.7,59289000,0.19586811546892235
2022-08-17,426.65,63563400,-0.7097975331626705
2022-08-18,427.89,49023200,0.29063635298254287
2022-08-19,422.14,68016900,-1.3438033139358208
2022-08-22,413.35,77695600,-2.0822475955843966
2022-08-23,412.35,49105200,-0.24192572880126217
2022-08-24,413.67,49177800,0.32011640596580904
2022-08-25,419.51,50942300,1.4117533299489837
2022-08-26,405.31,103087000,-3.384901432623777
2022-08-29,402.63,65370800,-0.6612222743085594
2022-08-30,398.21,85652400,-1.097782082805554
2022-08-31,395.18,76029700,-0.7609050500991921
2022-09-01,396.42,78740100,0.31378106179462684
2022-09-02,392.24,99632100,-1.054437213056858
2022-09-06,390.76,76637400,-0.37732000815827726
2022-09-07,397.78,70964200,1.7964991299006972
2022-09-08,400.38,80821700,0.6536276333651836
2022-09-09,406.6,76706900,1.5535241520555632
2022-09-12,410.97,69256300,1.0747663551401887
2022-09-13,393.1,122947100,-4.348249263936543
2022-09-14,394.6,85023700,0.38158229458153947
2022-09-15,390.12,87633800,-1.1353269133299593
2022-09-16,385.56,103084800,-1.1688711165795174
2022-09-19,388.55,73278500,0.7754953833385203
2022-09-20,384.09,77274900,-1.1478574186076562
2022-09-21,377.39,106746600,-1.744382826941604
2022-09-22,374.22,89472600,-0.839979861681539
2022-09-23,367.95,122346900,-1.675485008818356
2022-09-26,364.31,92581200,-0.9892648457670794
2022-09-27,363.38,108294100,-0.2552770991737785
2022-09-28,370.53,110802200,1.9676371842148654
2022-09-29,362.79,112952300,-2.0888996842360785
2022-09-30,357.18,153711200,-1.5463491275944818
2022-10-03,366.61,89756500,2.6401254269555974
2022-10-04,377.97,103602800,3.0986607021085133
2022-10-05,377.09,88065700,-0.23282271079716477
2022-10-06,373.2,82333500,-1.031583971996075
2022-10-07,362.79,107789500,-2.789389067524106
2022-10-10,360.02,76042800,-0.7635271093470175
2022-10-11,357.74,92482800,-0.6332981501027679
2022-10-12,356.56,76991800,-0.32984849331917365
2022-10-13,365.97,147254500,2.6391070226609914
2022-10-14,357.63,123737000,-2.2788753176489984
2022-10-17,366.82,93168200,2.5696949361071475
2022-10-18,371.13,97162900,1.174963197208445
2022-10-19,368.5,79746900,-0.7086465658933561
2022-10-20,365.41,88283100,-0.8385345997286242
2022-10-21,374.29,131038400,2.430146958211332
2022-10-24,378.87,85436900,1.2236501108765951
2022-10-25,384.92,78846300,1.5968538020957102
2022-10-26,382.02,104087300,-0.7534033045827782
2022-10-27,379.98,81971800,-0.5340034553164674
2022-10-28,389.02,100302000,2.379072582767505
2022-10-31,386.21,96631300,-0.7223279008791383
2022-11-01,384.52,85407600,-0.4375857694000618
2022-11-02,374.87,126990400,-2.5096223863518063
2022-11-03,371.01,87100100,-1.0296902926347884
2022-11-04,376.35,103505200,1.4393143041966594
2022-11-07,379.95,68286900,0.9565563969708979
2022-11-08,382.0,84641100,0.5395446769311807
2022-11-09,374.13,78495500,-2.06020942408377
2022-11-10,394.69,141455800,5.495416031860589
2022-11-11,398.51,93839900,0.9678481846512543
2022-11-14,395.12,71903500,-0.8506687410604452
2022-11-15,398.49,93194500,0.8529054464466501
2022-11-16,395.45,68508500,-0.7628798715149765
2022-11-17,394.24,74496300,-0.3059805285118178
2022-11-18,396.03,92922500,0.4540381493506329
2022-11-21,394.59,51243200,-0.36360881751382745
2022-11-22,399.9,60429000,1.345700600623423
2022-11-23,402.42,68261600,0.6301575393848458
2022-11-25,402.33,30545400,-0.022364693603704744
2022-11-28,395.91,67881600,-1.5957050182685784
2022-11-29,395.23,52310000,-0.17175620721880946
2022-11-30,407.68,144566700,3.1500645193937693
2022-12-01,407.38,76398200,-0.07358712715855864
2022-12-02,406.91,85342700,-0.11537139771220506
2022-12-05,399.59,77289800,-1.7989235948981497
2022-12-06,393.83,77972200,-1.4414775144523162
2022-12-07,393.16,65927900,-0.17012416524895269
2022-12-08,396.24,60737900,0.7833960728456546
2022-12-09,393.28,81447700,-0.7470220068645395
2022-12-12,398.95,75405800,1.4417209113100071
2022-12-13,401.97,123782500,0.7569870911141807
2022-12-14,399.4,108111300,-0.6393511953628472
2022-12-15,389.63,117705900,-2.4461692538808144
2022-12-16,383.27,119858000,-1.6323178400020621
2022-12-19,380.02,79878100,-0.8479661857176413
2022-12-20,380.54,74427200,0.1368349034261529
2022-12-21,386.23,78167400,1.495243601198304
2022-12-22,380.72,100120900,-1.4266110866582027
2022-12-23,382.91,59857300,0.5752258877915528
2022-12-27,381.4,51638200,-0.3943485414327208
2022-12-28,376.66,70911500,-1.2427897220765427
2022-12-29,383.44,66970900,1.8000318589709519
2022-12-30,382.43,84022200,-0.2634049655747983
2023-01-03,380.82,74850700,-0.42099207698140795
2023-01-04,383.76,85934100,0.7720182763510275
2023-01-05,379.38,76970500,-1.1413383364602847
2023-01-06,388.08,104189600,2.29321524592756
2023-01-09,387.86,73978100,-0.05668934240361523
2023-01-10,390.58,65358100,0.7012839684422234
2023-01-11,395.52,68881100,1.2647857033130316
2023-01-12,396.96,90157700,0.364077669902918
2023-01-13,398.5,63903900,0.3879484079000406
2023-01-17,397.77,62677300,-0.18318695106650518
2023-01-18,391.49,99632300,-1.578801820147313
2023-01-19,388.64,86958900,-0.7279879434979208
2023-01-20,395.88,91806400,1.8629065459036642
2023-01-23,400.63,84178800,1.1998585429928266
2023-01-24,400.2,59524900,-0.10733095374785284
2023-01-25,400.35,84800300,0.03748125937033109
2023-01-26,404.75,72287400,1.0990383414512195
2023-01-27,405.68,68346200,0.22977146386657932
2023-01-30,400.59,74202000,-1.2546834943798157
2023-01-31,406.48,86811800,1.4703312613894681
2023-02-01,410.8,101459200,1.0627829167486613
2023-02-02,416.78,101654500,1.4556962025316311
2023-02-03,412.35,94736800,-1.0629108882383886
2023-02-06,409.83,60295300,-0.6111313204801849
2023-02-07,415.19,90990700,1.3078593563184748
2023-02-08,410.65,76227500,-1.0934752763794964
2023-02-09,407.09,78694900,-0.8669183002556924
2023-02-10,408.04,70769700,0.2333636296642183
2023-02-13,412.83,64913500,1.1739045191647701
2023-02-14,412.64,88389300,-0.04602378703097987
2023-02-15,413.98,61555700,0.3247382706475399
2023-02-16,408.28,76431500,-1.3768781100536365
2023-02-17,407.26,89257800,-0.24982854903496943
2023-02-21,399.09,82655900,-2.0060894760104198
2023-02-22,398.54,83742300,-0.13781352577111328
2023-02-23,400.66,96242400,0.5319415867917954
2023-02-24,396.38,108194400,-1.0682374082763513
2023-02-27,397.73,80444700,0.3405822695393468
2023-02-28,396.26,96438600,-0.3695974656173884
2023-03-01,394.74,99706800,-0.38358653409377164
2023-03-02,397.81,85127800,0.7777271115164464
2023-03-03,404.19,90120000,1.6037806993288273
2023-03-06,404.47,72795900,0.06927435117147773
2023-03-07,398.27,108310600,-1.5328701757856056
2023-03-08,398.92,74746600,0.16320586536773263
2023-03-09,391.56,111945300,-1.8449814499147732
2023-03-10,385.91,189253000,-1.442946164061698
2023-03-13,385.36,157790000,-0.14252027674847012
2023-03-14,391.73,149752400,1.6529997924019213
2023-03-15,389.28,172996900,-0.6254307814055671
2023-03-16,396.11,143254200,1.7545211672832073
2023-03-17,389.99,140553400,-1.5450253717401718
2023-03-20,393.74,93055800,0.9615631170029948
2023-03-21,398.91,91524200,1.3130492202976685
2023-03-22,392.11,111746600,-1.7046451580557065
2023-03-23,393.17,119351300,0.2703323047104078
2023-03-24,395.75,107682400,0.6562046951700262
2023-03-27,396.49,74010400,0.1869867340492659
2023-03-28,395.6,62871700,-0.22446972180887315
2023-03-29,401.35,77497900,1.4534883720930258
2023-03-30,403.7,69840000,0.5855238569826726
2023-03-31,409.39,112062600,1.4094624721327609
2023-04-03,410.95,67391100,0.3810547399790032
2023-04-04,408.67,66601500,-0.554812020927109
2023-04-05,407.6,65200200,-0.2618249443316123
2023-04-06,409.19,63743300,0.3900883218841855
2023-04-10,409.61,63681000,0.10264180454067073
2023-04-11,409.72,59297900,0.026854813114907117
2023-04-12,408.05,86420400,-0.4075954310260754
2023-04-13,413.47,85814800,1.328268594534987
2023-04-14,412.46,78161500,-0.2442740706701918
2023-04-17,413.94,66436400,0.35882267371381005
2023-04-18,414.21,63560000,0.06522684447021199
2023-04-19,414.14,55227300,-0.016899640279088857
2023-04-20,411.88,75840400,-0.5457091804703662
2023-04-21,412.2,73457400,0.07769253180538449
2023-04-24,412.63,64332100,0.10431829209121002
2023-04-25,406.08,97766700,-1.5873785231321103
2023-04-26,404.36,80447000,-0.42356185973206895
2023-04-27,412.41,92968400,1.9908002769809086
2023-04-28,415.93,89433100,0.8535195557818565
2023-05-01,415.51,62122300,-0.10097853004111812
2023-05-02,410.84,103998500,-1.1239200019253492
2023-05-03,408.02,91531800,-0.6863985979943532
2023-05-04,405.13,94901900,-0.7082986128130964
2023-05-05,412.63,87891800,1.8512576210105491
2023-05-08,412.74,50046800,0.026658265273971082
2023-05-09,410.93,49220100,-0.4385327324708088
2023-05-10,412.85,96142900,0.467232862044642
2023-05-11,412.13,70157100,-0.1743974809252813
2023-05-12,411.59,70481500,-0.13102661781476677
2023-05-15,413.01,54289400,0.34500352292330394
2023-05-16,410.25,57705500,-0.668264690927578
2023-05-17,415.23,87287000,1.213893967093238
2023-05-18,419.23,97177200,0.9633215326445566
2023-05-19,418.62,103793300,-0.14550485413734604
2023-05-22,418.79,60745400,0.040609622091647424
2023-05-23,414.09,86383500,-1.1222808567539877
2023-05-24,411.09,89213700,-0.7244801854669247
2023-05-25,414.65,90961600,0.8659904157240605
2023-05-26,420.02,93830000,1.2950681297479782
2023-05-30,420.18,72216000,0.03809342412266492
2023-05-31,417.85,110811800,-0.554524251511257
2023-06-01,421.82,88865000,0.9501017111403609
2023-06-02,427.92,91426200,1.4461144564032136
2023-06-05,427.1,65460200,-0.1916246027294788
2023-06-06,428.03,64022200,0.21774760009365401
2023-06-07,426.55,85373300,-0.34577015629744245
2023-06-08,429.13,61952800,0.6048528894619487
2023-06-09,429.9,85742800,0.1794328059096184
2023-06-12,433.8,76104300,0.9071877180739873
2023-06-13,436.66,95899700,0.6592899953895781
2023-06-14,437.18,100612100,0.11908578756927302
2023-06-15,442.6,110303100,1.239763941625882
2023-06-16,439.46,114165800,-0.7094441934026308
2023-06-20,437.18,76160400,-0.5188185500386799
2023-06-21,434.94,76982300,-0.5123747655428001
2023-06-22,436.51,70637200,0.36096932910285595
2023-06-23,433.21,92074500,-0.7559964261987129
2023-06-26,431.44,72823600,-0.4085778259966255
2023-06-27,436.17,72813700,1.0963285740775097
2023-06-28,436.39,75636000,0.0504390489946438
2023-06-29,438.11,67882300,0.3941428538692504
2023-06-30,443.28,104964000,1.1800689324598768
2023-07-03,443.79,32793400,0.11505143475907254
2023-07-05,443.13,58418400,-0.14871898871088307
2023-07-06,439.66,80658300,-0.7830659174508536
2023-07-07,438.55,86134200,-0.25246781603966983
2023-07-10,439.66,62443500,0.2531068293239125
2023-07-11,442.46,64463800,0.6368557521721163
2023-07-12,446.02,91924500,0.8045925055372161
2023-07-13,449.56,72425200,0.7936863817766149
2023-07-14,449.28,69815800,-0.062283121274142594
2023-07-17,450.84,52680200,0.3472222222222321
2023-07-18,454.19,80668200,0.7430574039570592
2023-07-19,455.2,65891700,0.2223738963869737
2023-07-20,452.18,70591600,-0.6634446397188021
2023-07-21,452.18,71275600,0.0
2023-07-24,454.2,54023400,0.4467247556282805
2023-07-25,455.44,55191200,0.27300748568912514
2023-07-26,455.51,71052900,0.015369752327409891
2023-07-27,452.49,92194400,-0.6629931285811463
2023-07-28,456.92,80011800,0.9790271608212331
2023-07-31,457.79,62040400,0.1904053225947555
2023-08-01,456.48,55291500,-0.28615740841870796
2023-08-02,450.13,93933400,-1.3910795653697905
2023-08-03,448.84,64276100,-0.2865838757692307
2023-08-04,446.81,100128900,-0.4522769806612592
2023-08-07,450.71,58357500,0.8728542333430234
2023-08-08,448.75,71361300,-0.4348694282354515
2023-08-09,445.75,78789600,-0.6685236768802283
2023-08-10,445.91,93005500,0.035894559730786924
2023-08-11,445.65,68690900,-0.058307730259477
2023-08-14,448.11,47867400,0.5520026926960631
2023-08-15,442.89,75707500,-1.1648925487045658
2023-08-16,439.64,80107200,-0.7338165232902094
2023-08-17,436.29,95711300,-0.7619870803384554
2023-08-18,436.5,98852000,0.04813312246441104
2023-08-21,439.34,68719000,0.6506300114547559
2023-08-22,438.15,64994200,-0.2708608367096077
2023-08-23,443.03,68441000,1.1137738217505522
2023-08-24,436.89,88517300,-1.3859106606776028
2023-08-25,439.97,102325100,0.7049829476527325
2023-08-28,442.76,61595400,0.6341341455099236
2023-08-29,449.16,83081900,1.4454783629957557
2023-08-30,451.01,69053900,0.4118799536913187
2023-08-31,450.35,66084600,-0.14633821866476548
2023-09-01,451.19,58944100,0.18652159431553628
2023-09-05,449.24,55166200,-0.4321904297524326
2023-09-06,446.22,70758500,-0.6722464606891632
2023-09-07,444.85,70355400,-0.3070234413518058
2023-09-08,445.52,61659700,0.15061256603348117
2023-09-11,448.45,60180100,0.6576584665110463
2023-09-12,445.99,67565400,-0.5485561378079984
2023-09-13,446.51,60199300,0.11659454247852086
2023-09-14,450.36,83430800,0.8622427269266097
2023-09-15,443.37,111848900,-1.552091660005328
2023-09-18,443.63,55752200,0.058641766470435286
2023-09-19,442.71,66514600,-0.2073800238937884
2023-09-20,438.64,82562600,-0.9193377154344762
2023-09-21,431.39,104095800,-1.652836038664962
2023-09-22,430.42,100829700,-0.2248545399754165
2023-09-25,432.23,70874500,0.4205194925886335
2023-09-26,425.88,96168400,-1.4691252342502903
2023-09-27,426.05,104705800,0.0399173476096637
2023-09-28,428.52,92258300,0.5797441614833865
2023-09-29,427.48,115111300,-0.24269579016147347
2023-10-02,427.31,83798600,-0.03976794235988068
2023-10-03,421.59,103760600,-1.3386066321874113
2023-10-04,424.66,87453000,0.7281956403140555
2023-10-05,424.5,70142700,-0.037677200584007586
2023-10-06,429.54,113273300,1.1872791519434767
2023-10-09,432.29,80374400,0.6402197699864942
2023-10-10,434.54,78607300,0.5204839343958989
2023-10-11,436.32,62451700,0.4096285727435811
2023-10-12,433.66,81154200,-0.6096442977631011
2023-10-13,431.5,95143100,-0.498086058202285
2023-10-16,436.04,75433200,1.0521436848204058
2023-10-17,436.02,75324700,-0.004586735161915545
2023-10-18,430.21,93559800,-1.332507683133799
2023-10-19,426.43,121323000,-0.8786406638618294
2023-10-20,421.19,123919900,-1.2288066036629686
2023-10-23,420.46,92035100,-0.17331845485411002
2023-10-24,423.63,78564200,0.7539361651524468
2023-10-25,417.55,94223200,-1.435214692066189
2023-10-26,412.55,115156800,-1.197461381870435
2023-10-27,410.68,107367700,-0.45327839049812413
2023-10-30,415.59,86562700,1.195578065647207
2023-10-31,418.2,79665200,0.6280228109434738
2023-11-01,422.66,98068100,1.0664753706360663
2023-11-02,430.76,94938900,1.9164340131547775
2023-11-03,434.69,100167800,0.912340978735271
2023-11-06,435.69,67831700,0.23004900043708254
2023-11-07,436.93,64256100,0.28460602722120143
2023-11-08,437.25,61746000,0.07323827615406397
2023-11-09,433.84,83174400,-0.7798742138364845
2023-11-10,440.61,89462200,1.5604831274202535
2023-11-13,440.19,52236100,-0.09532239395384501
2023-11-14,448.73,97176900,1.9400713328335595
2023-11-15,449.68,77327600,0.21170859982617696
2023-11-16,450.23,66665800,0.12230919765165993
2023-11-17,450.79,83133200,0.1243808719987527
2023-11-20,454.26,69936200,0.7697597550966107
2023-11-21,453.27,49244600,-0.2179368643508095
2023-11-22,455.02,59394900,0.38608334987977333
2023-11-24,455.3,29737400,0.06153575667005029
2023-11-27,454.48,50506000,-0.18010103228640606
2023-11-28,454.93,62115000,0.099014258053165
2023-11-29,454.61,63146000,-0.07034049194380998
2023-11-30,456.4,79752700,0.39374408833945385
2023-12-01,459.1,89183400,0.5915863277826672
2023-12-04,456.69,72430900,-0.5249401001960363
2023-12-05,456.6,69793500,-0.019707022268933283
2023-12-06,454.76,69124700,-0.40297853701271036
2023-12-07,458.23,66995400,0.7630398451930809
2023-12-08,460.2,83194400,0.4299151081334607
2023-12-11,461.99,65002200,0.3889613211647047
2023-12-12,464.1,68327600,0.4567198424208385
2023-12-13,470.5,93278000,1.3790131437190212
2023-12-14,472.01,119026000,0.3209351753453715
2023-12-15,469.33,141553700,-0.5677845808351512
2023-12-18,471.97,70375300,0.5625039950567956
2023-12-19,474.84,55761800,0.608089497213804
2023-12-20,468.26,102921000,-1.3857299300817139
2023-12-21,472.7,86667500,0.9481911758424832
2023-12-22,473.65,67160400,0.20097313306537412
2023-12-26,475.65,55387000,0.42225271825186983
2023-12-27,476.51,68000300,0.1808052139177896
2023-12-28,476.69,77158100,0.03777465320768947
2023-12-29,475.31,122283100,-0.28949631836203693
2024-01-02,472.65,123623700,-0.5596347646798949
2024-01-03,468.79,103585900,-0.8166719559927982
2024-01-04,467.28,84232200,-0.32210584696773514
2024-01-05,467.92,86118900,0.13696284882727117
2024-01-08,474.6,74879100,1.4275944605915525
2024-01-09,473.88,65931400,-0.1517067003792727
2024-01-10,476.56,67310600,0.5655440195830197
2024-01-11,476.35,77940700,-0.04406580493536705
2024-01-12,476.68,58026400,0.06927679227457517
2024-01-16,474.93,85014900,-0.3671225979692827
2024-01-17,472.29,68843900,-0.5558713915734925
2024-01-18,476.49,91856200,0.8892841262783335
2024-01-19,482.43,110834500,1.246615878612345
2024-01-22,483.45,75844900,0.21142963746034749
2024-01-23,484.86,49945300,0.2916537387527285
2024-01-24,485.39,81765000,0.10930990388977602
2024-01-25,488.03,72525000,0.5438925400193639
2024-01-26,487.41,76641600,-0.12704137040754349
2024-01-29,491.27,61322800,0.7919410763012502
2024-01-30,490.89,58618400,-0.07735054043601641
2024-01-31,482.88,126011100,-1.6317301228381043
2024-02-01,489.2,91891600,1.308813783962881
2024-02-02,494.35,99228200,1.0527391659852947
2024-02-05,492.55,75757100,-0.3641144937797103
2024-02-06,493.98,55918600,0.29032585524313426
2024-02-07,498.1,70556500,0.834041864043078
2024-02-08,498.32,52343600,0.04416783778358191
2024-02-09,501.2,63979400,0.5779418847327022
2024-02-12,500.98,56502300,-0.04389465283319849
2024-02-13,494.08,113099200,-1.3773004910375697
2024-02-14,498.57,68387800,0.9087597150259086
2024-02-15,502.01,61683000,0.6899733237057948
2024-02-16,499.51,75532900,-0.49799804784764756
2024-02-20,496.76,71736700,-0.5505395287381587
2024-02-21,497.21,59293400,0.09058700378452578
2024-02-22,507.5,76402500,2.069548078276795
2024-02-23,507.85,61321800,0.06896551724138167
2024-02-26,505.99,50386700,-0.3662498769321676
2024-02-27,506.93,48854500,0.18577442241940467
2024-02-28,506.26,56506600,-0.13216814944864153
2024-02-29,508.08,83924800,0.35949907162327044
2024-03-01,512.85,76844800,0.9388285309400279
2024-03-04,512.3,49799300,-0.10724383347958666
2024-03-05,507.18,72855600,-0.9994144056217014
2024-03-06,509.75,68382400,0.5067234512401875
2024-03-07,514.81,58652100,0.99264345267287
2024-03-08,511.72,86532500,-0.6002214409199347
2024-03-11,511.28,62557200,-0.08598452278590907
2024-03-12,516.78,73114400,1.075731497418242
2024-03-13,515.97,55104100,-0.15673981191220987
2024-03-14,514.95,110171800,-0.19768591197162344
2024-03-15,509.83,107646300,-0.9942712884746241
2024-03-18,512.86,88893300,0.5943157523095932
2024-03-19,515.71,60755300,0.5557072105447869
2024-03-20,520.48,69594600,0.9249384343914091
2024-03-21,522.2,60256100,0.33046418690441115
2024-03-22,521.21,79070800,-0.1895825354270464
2024-03-25,519.77,48512100,-0.27628019416359173
2024-03-26,518.81,65463700,-0.1846970775535417
2024-03-27,523.17,82999800,0.8403847265858522
2024-03-28,523.07,96294900,-0.019114245847418054
2024-04-01,522.16,62477500,-0.1739728908176863
2024-04-02,518.84,74230300,-0.6358204381798571
2024-04-03,519.41,59155800,0.10986045794463273
2024-04-04,513.07,96858100,-1.2206156985810623
2024-04-05,518.43,74546500,1.0446917574599812
2024-04-08,518.72,48401800,0.055938120864929
2024-04-09,519.32,68049200,0.1156693399136488
2024-04-10,514.12,82652800,-1.0013094046060322
2024-04-11,518.0,70099000,0.7546876215669407
2024-04-12,510.85,92561100,-1.380308880308878
2024-04-15,504.45,92101400,-1.252813937555064
2024-04-16,503.53,73484000,-0.18237684606997595
2024-04-17,500.55,75910300,-0.5918217385259994
2024-04-18,499.52,74548100,-0.20577364898611838
2024-04-19,495.16,102212600,-0.8728379244074214
2024-04-22,499.72,67961000,0.920914451894328
2024-04-23,505.65,64633600,1.186664532137982
2024-04-24,505.41,55928100,-0.04746366063481666
2024-04-25,503.49,69122400,-0.3798895945865799
2024-04-26,508.26,64306100,0.9473872370851399
2024-04-29,510.06,46415400,0.35414945106835294
2024-04-30,501.98,77483600,-1.5841273575657788
2024-05-01,500.35,80242800,-0.3247141320371294
2024-05-02,505.03,62550200,0.9353452583191757
2024-05-03,511.29,72756700,1.239530324931204
2024-05-06,516.57,47264700,1.0326820395470282
2024-05-07,517.14,52561300,0.11034322550669273
2024-05-08,517.19,42047200,0.009668561704767598
2024-05-09,520.17,43643700,0.5761905682631019
2024-05-10,520.84,52233200,0.12880404483150976
2024-05-13,520.91,36716400,0.013439827970196383
2024-05-14,523.3,57535900,0.45881246280548016
2024-05-15,529.78,59504900,1.2382954328301166
2024-05-16,528.69,50244800,-0.2057457812676855
2024-05-17,529.45,59187600,0.1437515368174047
2024-05-20,530.06,37764200,0.11521390121822517
2024-05-21,531.36,33437000,0.24525525412217863
2024-05-22,529.83,48390000,-0.2879403794037838
2024-05-23,525.96,57211200,-0.7304229658569694
2024-05-24,529.44,41291100,0.6616472735569312
2024-05-28,529.81,36269600,0.06988516168024983
2024-05-29,526.1,45190300,-0.7002510333893097
2024-05-30,522.61,46377600,-0.6633719825128281
2024-05-31,527.37,90785800,0.910813034576452
2024-06-03,527.8,46835700,0.08153668202588449
2024-06-04,528.39,34632700,0.1117847669571903
2024-06-05,534.67,47610400,1.1885160582145726
2024-06-06,534.66,30808500,-0.0018703125292174327
2024-06-07,534.01,43224500,-0.1215725881868801
2024-06-10,535.66,35686100,0.30898297784685
2024-06-11,536.95,36383400,0.24082440353956347
2024-06-12,541.36,63251300,0.8213055219294052
2024-06-13,542.45,44760900,0.20134476134181511
2024-06-14,542.78,40089900,0.060835100009204446
2024-06-17,547.1,55839500,0.7959025756291815
2024-06-18,548.49,41376400,0.2540668981904526
2024-06-20,547.0,70328200,-0.2716549071086094
2024-06-21,544.51,64338600,-0.45521023765996427
2024-06-24,542.74,45528700,-0.32506290058951226
2024-06-25,544.83,37936200,0.38508309687881326
2024-06-26,545.51,38550600,0.12480957362845935
2024-06-27,546.37,35041500,0.15765063885171404
2024-06-28,544.22,76144500,-0.39350623204055246
2024-07-01,545.34,40297800,0.2057991253537228
2024-07-02,549.01,40434800,0.6729746580115048
2024-07-03,551.46,32789900,0.44625780951168537
2024-07-05,554.64,41488400,0.5766510717005735
2024-07-08,555.28,36110500,0.1153901629886045
2024-07-09,555.82,27289700,0.0972482351246251
2024-07-10,561.32,38701200,0.9895289842035249
2024-07-11,556.48,53054200,-0.862253260172452
2024-07-12,559.99,53084400,0.6307504312823342
2024-07-15,561.53,40584300,0.2750049108019681
2024-07-16,564.86,36475300,0.5930226345876477
2024-07-17,556.94,57119000,-1.4021173388096053
2024-07-18,552.66,56270400,-0.7684849355406476
2024-07-19,548.99,65509100,-0.6640610863822172
2024-07-22,554.65,43346700,1.0309841709320589
2024-07-23,553.78,34439600,-0.15685567474984508
2024-07-24,541.23,74515300,-2.26624291234786
2024-07-25,538.41,61158300,-0.5210354193226685
2024-07-26,544.44,53763800,1.119964339443924
2024-07-29,544.76,39515800,0.05877599000807532
2024-07-30,542.0,46853600,-0.5066451281298123
2024-07-31,550.81,65663400,1.6254612546125369
2024-08-01,543.01,76428700,-1.4160962945480193
2024-08-02,532.9,82789100,-1.8618441649325135
2024-08-05,517.38,146267400,-2.9123662976168085
2024-08-06,522.15,84826300,0.9219529166183404
2024-08-07,518.66,70698300,-0.6683903092980947
2024-08-08,530.65,63276600,2.311726371804257
2024-08-09,532.99,45619600,0.4409686233864285
2024-08-12,533.27,42542100,0.05253381864573914
2024-08-13,542.04,52333100,1.6445702927222472
2024-08-14,543.75,42446900,0.31547487270313646
2024-08-15,553.07,60846800,1.714022988505759
2024-08-16,554.31,44430700,0.22420308460049387
2024-08-19,559.61,39121800,0.9561436741173823
2024-08-20,558.7,33732300,-0.16261324851235548
2024-08-21,560.62,41514600,0.3436549131913269
2024-08-22,556.22,56121500,-0.7848453497912966
2024-08-23,562.13,50639400,1.0625292150587828
2024-08-26,560.79,35788600,-0.23837902264601807
2024-08-27,561.56,32693900,0.13730630004100686
2024-08-28,558.3,41066000,-0.5805256784671253
2024-08-29,558.35,38715200,0.008955758552753323
2024-08-30,563.68,62700100,0.95459837019789
2024-09-03,552.08,60600100,-2.057905194436549
2024-09-04,550.95,47224900,-0.20468048108969183
2024-09-05,549.61,44264300,-0.2432162628187684
2024-09-06,540.36,68493800,-1.683011590036576
2024-09-09,546.41,40445800,1.1196239544007724
2024-09-10,548.79,36394600,0.43557035925403387
2024-09-11,554.42,75248600,1.0258933289600813
2024-09-12,559.09,51819600,0.8423217055661958
2024-09-13,562.01,39310500,0.5222772719955637
2024-09-16,562.84,36656100,0.14768420490738343
2024-09-17,563.07,49321000,0.04086418875701714
2024-09-18,561.4,59044900,-0.2965883460315899
2024-09-19,570.98,75315500,1.7064481653010333
2024-09-20,568.25,77503100,-0.47812532838278354
2024-09-23,569.67,44116900,0.2498900131984172
2024-09-24,571.3,46805700,0.286130566819387
2024-09-25,570.04,38428600,-0.2205496236653226
2024-09-26,572.3,48336000,0.39646340607677466
2024-09-27,571.47,42100900,-0.1450288310326675
2024-09-30,573.76,63557400,0.4007209477312923
2024-10-01,568.62,72668800,-0.8958449525934165
2024-10-02,568.86,38097800,0.04220744961485057
2024-10-03,567.82,40846500,-0.1828217839187074
2024-10-04,572.98,42939100,0.9087386847944634
2024-10-07,567.8,49964700,-0.9040455164229244
2024-10-08,573.17,37398700,0.9457555477280666
2024-10-09,577.14,37912200,0.6926391820925692
2024-10-10,576.13,44138100,-0.17500086634092415
2024-10-11,579.58,42268000,0.5988231822678936
2024-10-14,584.32,36217200,0.8178336036440248
2024-10-15,579.78,54203600,-0.7769715224534623
2024-10-16,582.3,30725400,0.434647624961193
2024-10-17,582.35,34393700,0.008586639189434031
2024-10-18,584.59,37416800,0.38464840731518013
2024-10-21,583.63,36439000,-0.164217656819321
2024-10-22,583.32,34183800,-0.05311584394221969
2024-10-23,577.99,49314600,-0.9137351710896358
2024-10-24,579.24,34979900,0.21626671741725723
2024-10-25,579.04,47268200,-0.03452800220979935
2024-10-28,580.83,30174700,0.30913235700471553
2024-10-29,581.77,42899700,0.16183737065922355
2024-10-30,580.01,41435800,-0.3025250528559398
2024-10-31,568.64,60182500,-1.9603110291201875
2024-11-01,571.04,45667500,0.42205965109736177
2024-11-04,569.81,38217000,-0.21539646959932712
2024-11-05,576.7,39478300,1.2091749881539604
2024-11-06,591.04,68182000,2.4865614704352224
2024-11-07,595.61,47233200,0.7732133188955048
2024-11-08,598.19,46444900,0.4331693557865224
2024-11-11,598.76,37586800,0.09528745047560072
2024-11-12,596.9,43006100,-0.31064199345314236
2024-11-13,597.19,47388600,0.04858435248786819
2024-11-14,593.35,38904100,-0.6430114368961348
2024-11-15,585.75,75988800,-1.2808628971096359
2024-11-18,588.15,37001700,0.40973111395645745
2024-11-19,590.3,49412000,0.36555300518574807
2024-11-20,590.5,50032600,0.03388107741826296
2024-11-21,593.67,46750300,0.5368331922099845
2024-11-22,595.51,38226400,0.3099364967069196
2024-11-25,597.53,42441400,0.33920505113262944
2024-11-26,600.65,45621300,0.5221495155054878
2024-11-27,598.83,34000200,-0.3030050778323412
2024-11-29,602.55,30177400,0.6212113621561821
2024-12-02,603.63,31746000,0.17923823749066425
2024-12-03,603.91,26906600,0.04638603117803619
2024-12-04,607.66,42787600,0.6209534533291317
2024-12-05,606.66,28762200,-0.16456571108843798
2024-12-06,607.81,31241500,0.18956252266508766
2024-12-09,604.68,34742700,-0.5149635576907285
2024-12-10,602.8,37234500,-0.31090824899120406
2024-12-11,607.46,28677700,0.7730590577305962
2024-12-12,604.33,31543800,-0.5152602640503101
2024-12-13,604.21,35904700,-0.01985670080916213
2024-12-16,606.79,43695200,0.42700385627512105
2024-12-17,604.29,55773500,-0.4120041530018659
2024-12-18,586.28,108248700,-2.98035711330652
2024-12-19,586.1,85919500,-0.030702053626241455
2024-12-20,591.15,125716700,0.8616277085821356
2024-12-23,594.69,57635800,0.5988327835574792
2024-12-24,601.3,33160100,1.1115034723973682
2024-12-26,601.34,41219100,0.006652253450867285
2024-12-27,595.01,64969300,-1.052649083713053
2024-12-30,588.22,56578800,-1.141157291474082
2024-12-31,586.08,57052700,-0.3638094590459273
2025-01-02,584.64,50204000,-0.24570024570025328
2025-01-03,591.95,37888500,1.2503420908593466
2025-01-06,595.36,47679400,0.5760621674127719
2025-01-07,588.63,60393100,-1.1304084923407731
2025-01-08,589.49,47304700,0.14610196558109134
2025-01-10,580.49,73105000,-1.526743456207913
2025-01-13,581.39,47910100,0.15504143051559005
2025-01-14,582.19,48420600,0.13760126593165278
2025-01-15,592.78,56900200,1.818993799275126
2025-01-16,591.64,43319700,-0.19231418064037387
2025-01-17,597.58,58070600,1.0039889121763235
2025-01-21,603.05,42532900,0.9153586130727032
2025-01-22,606.44,48196000,0.5621424425835464
2025-01-23,609.75,41152100,0.5458083239891831
2025-01-24,607.97,34604700,-0.2919229192291928
2025-01-27,599.37,70361100,-1.4145434807638524
2025-01-28,604.52,44433300,0.859235530640512
2025-01-29,601.81,37177400,-0.44828955204129217
2025-01-30,605.04,39281300,0.5367142453598372
2025-01-31,601.82,66566900,-0.5321962184318241
2025-02-03,597.77,65857200,-0.6729586919677066
2025-02-04,601.78,33457800,0.6708265720929418
2025-02-05,604.22,30653100,0.40546379075410144
2025-02-06,606.32,35771500,0.3475555261328589
2025-02-07,600.77,50788500,-0.9153582266789972
2025-02-10,604.85,26048700,0.6791284518201657
2025-02-11,605.31,30056700,0.07605191369759456
2025-02-12,603.36,45076100,-0.3221489815135925
2025-02-13,609.73,40921300,1.0557544417926223
2025-02-14,609.7,26910400,-0.0049202105850132405
2025-02-18,611.49,26749000,0.2935870100049254
2025-02-19,612.93,31011100,0.23549035961338838
2025-02-20,610.38,36554000,-0.416034457442116
2025-02-21,599.94,76519800,-1.7104099085815339
2025-02-24,597.21,50737200,-0.45504550455045534
2025-02-25,594.24,58266500,-0.49731250313960196
2025-02-26,594.54,43321600,0.05048465266557223
2025-02-27,585.05,74196700,-1.5961920139940133
2025-02-28,594.18,88744100,1.5605503803093779
2025-03-03,583.77,74249200,-1.7519943451479336
2025-03-04,576.86,109648200,-1.1836853555338478
2025-03-05,583.06,71230500,1.0747841764032762
2025-03-06,572.71,80094900,-1.7751174836208805
2025-03-07,575.92,81158800,0.5604930942361586
2025-03-10,560.58,99326600,-2.6635643839421963
2025-03-11,555.92,88102100,-0.831281886617441
2025-03-12,558.87,69588200,0.5306518923586134
2025-03-13,551.42,74079400,-1.3330470413513096
2025-03-14,562.81,62660300,2.065576148852055
2025-03-17,567.15,49008700,0.7711305769265042
2025-03-18,561.02,66041400,-1.0808428105439472
2025-03-19,567.13,66556000,1.0890877330576476
2025-03-20,565.49,62958200,-0.2891753213548953
2025-03-21,563.98,83763000,-0.2670250579143718
2025-03-24,574.08,58766800,1.7908436469378453
2025-03-25,575.46,38355700,0.24038461538462563
2025-03-26,568.59,51848300,-1.1938275466583215
2025-03-27,567.08,42164200,-0.26556921507588926
2025-03-28,555.66,71662700,-2.0138252098469533
2025-03-31,559.39,95328200,0.6712738005254959
2025-04-01,560.97,54609600,0.28245052646633795
2025-04-02,564.52,76014500,0.6328324152806708
2025-04-03,536.7,125986000,-4.928080493162323
2025-04-04,505.28,217965100,-5.854294764300372
2025-04-07,504.38,256611400,-0.17811906269790123
2025-04-08,496.48,165816600,-1.566279392521508
2025-04-09,548.62,241867300,10.501933612632941
2025-04-10,524.58,162331200,-4.3819036856111655
2025-04-11,533.94,97866300,1.7842845705135613
2025-04-14,539.12,68034000,0.9701464584035646
2025-04-15,537.61,56892900,-0.2800860661819282
2025-04-16,525.66,83484800,-2.22280091516156
2025-04-17,526.41,79868100,0.1426777765095366
2025-04-21,513.88,69368100,-2.380273930966348
2025-04-22,527.25,75948100,2.601774733400797
2025-04-23,535.42,90590700,1.5495495495495337
2025-04-24,546.69,64150400,2.1048896193642586
2025-04-25,550.64,61119600,0.7225301359088165
2025-04-28,550.85,47613800,0.03813744006975206
2025-04-29,554.32,47775100,0.6299355541435903
2025-04-30,554.54,93101500,0.03968826670512904
2025-05-01,558.47,63186100,0.7086954953655411
2025-05-02,566.76,60717300,1.4844127706054033
2025-05-05,563.51,38659200,-0.5734349636530411
2025-05-06,558.8,48264700,-0.8358325495554708
2025-05-07,561.15,55588000,0.42054402290623294
2025-05-08,565.06,65130800,0.6967833912500998
2025-05-09,564.34,37603400,-0.12742009698083478
2025-05-12,582.99,78993600,3.3047453662685466
2025-05-13,586.84,67947200,0.6603886859122943
2025-05-14,587.59,66283500,0.1278031490695941
2025-05-15,590.46,71268100,0.4884358140880618
2025-05-16,594.2,76052100,0.6334044643159675
2025-05-19,594.85,68168500,0.10939077751599413
2025-05-20,592.85,60614500,-0.3362192149281351
2025-05-21,582.86,95197700,-1.6850805431390725
2025-05-22,583.09,70860400,0.03946059087946985
2025-05-23,579.11,76029000,-0.6825704436707936
2025-05-27,591.15,72588500,2.0790523389338844
2025-05-28,587.73,68445500,-0.57853336716569
2025-05-29,590.05,69973300,0.3947390808704654
2025-05-30,589.39,90601200,-0.11185492754850479
2025-06-02,592.71,61630500,0.5632942533806196
2025-06-03,596.09,63606200,0.5702620168379191
2025-06-04,595.93,57314200,-0.026841584324532874
2025-06-05,593.05,92278700,-0.4832782373768718
2025-06-06,599.14,66588700,1.0268948655256738
2025-06-09,599.68,53016400,0.09012918516539958
2025-06-10,603.08,66247000,0.5669690501600932
2025-06-11,601.36,73658200,-0.2852026265172114
2025-06-12,603.75,64129000,0.39743248636423534
2025-06-13,597.0,89506000,-1.1180124223602483
2025-06-16,602.68,79984100,0.9514237855946295
2025-06-17,597.53,82209400,-0.8545164929979365
2025-06-18,597.44,76605000,-0.01506200525495105
2025-06-20,594.28,94051400,-0.5289234065345649
2025-06-23,600.15,87426000,0.9877498822103981
2025-06-24,606.78,67735300,1.104723819045228
2025-06-25,607.12,62114800,0.05603348824945176
2025-06-26,611.87,78548400,0.782382395572534
2025-06-27,614.91,86258400,0.4968375635347355
2025-06-30,617.85,92502500,0.47811874908523233
2025-07-01,617.65,70030100,-0.032370316419849665
2025-07-02,620.45,66510400,0.4533311746134583
2025-07-03,625.34,51065800,0.7881376420340036
2025-07-07,620.68,74814500,-0.7451946141299293
2025-07-08,620.34,59024600,-0.05477862988978455
2025-07-09,624.06,66113300,0.599671148080061
2025-07-10,625.82,57529000,0.28202416434319755
2025-07-11,623.62,63670200,-0.35153878111917614
2025-07-14,624.81,51898500,0.19082133350436514
2025-07-15,622.14,74317300,-0.4273299082921178
2025-07-16,624.22,88987500,0.3343298935930994
2025-07-17,628.04,68885700,0.6119637307359538
2025-07-18,627.58,65621600,-0.07324374243677934
2025-07-21,628.77,63375000,0.18961725995090273
2025-07-22,628.86,60046300,0.014313660002862605
2025-07-23,634.21,70511000,0.8507457939764151
2025-07-24,634.42,71307100,0.03311206067388994
2025-07-25,637.1,56865400,0.4224330884902816
2025-07-28,636.94,54917100,-0.0251137968921622
2025-07-29,635.26,60556300,-0.2637611077966673
2025-07-30,634.46,80418900,-0.1259326889777368
2025-07-31,632.08,103385200,-0.37512215112063263
2025-08-01,621.72,140103600,-1.6390330337931913
2025-08-04,631.17,73218000,1.519976838448156
2025-08-05,627.97,68051400,-0.5069949458941236
2025-08-06,632.78,64357500,0.765960157332346
2025-08-07,632.25,74205800,-0.0837573880337561
2025-08-08,637.18,64051600,0.7797548438117863
2025-08-11,635.92,58742300,-0.19774631972127032
2025-08-12,642.69,64730800,1.0645993206692905
2025-08-13,644.89,60092800,0.34231122314023477
2025-08-14,644.95,59327500,0.009303912295122174
2025-08-15,643.44,68592500,-0.23412667648654573
2025-08-18,643.3,43804900,-0.021758050478692947
2025-08-19,639.81,69750700,-0.5425151562257091
2025-08-20,638.11,88890300,-0.2657038808396184
2025-08-21,635.55,54805800,-0.4011847487110476
2025-08-22,645.31,84083200,1.5356777594209836
2025-08-25,642.47,51274300,-0.4400985572825311
2025-08-26,645.16,51581600,0.4186965928370201
2025-08-27,646.63,48341100,0.22785045570090645
2025-08-28,648.92,61519500,0.35414379165827903
2025-08-29,645.05,74522200,-0.5963755162423756
2025-09-02,640.27,81983500,-0.7410278273002002
2025-09-03,643.74,70820900,0.5419588611054849
2025-09-04,649.12,65219200,0.8357411377264201
2025-09-05,647.24,85178900,-0.2896228740448592
2025-09-08,648.83,63133100,0.24565848835054194
2025-09-09,650.33,66133900,0.23118536442519044
2025-09-10,652.21,78034500,0.2890840035059128
2025-09-11,657.63,69934400,0.8310206835221656
2025-09-12,657.41,72780100,-0.03345346167298313
2025-09-15,660.91,63772400,0.5323922666220504
2025-09-16,660.0,61169000,-0.13768894403171084
2025-09-17,659.18,101952200,-0.12424242424242671
2025-09-18,662.26,90459200,0.4672471858976346
2025-09-19,663.7,97945600,0.21743726029053168
2025-09-22,666.84,69452200,0.4731053186680656
2025-09-23,663.21,81708900,-0.5443584667986334
2025-09-24,661.1,68082200,-0.3181496057055866
2025-09-25,658.05,89622100,-0.4613522916351642
2025-09-26,661.82,69179200,0.5729047944685206
2025-09-29,663.68,73499000,0.28104318394728267
2025-09-30,666.18,86288000,0.37668756027000594
2025-10-01,668.45,72545400,0.34074874658502896
2025-10-02,669.22,56896000,0.11519186176975893
2025-10-03,669.21,70494400,-0.0014942769194004057
2025-10-06,671.61,54623300,0.3586318196082017
2025-10-07,669.12,72020100,-0.370750882208426
2025-10-08,673.11,60702200,0.5963055954088858
2025-10-09,671.16,66501900,-0.28970004902616475
2025-10-10,653.02,159422600,-2.7027832409559527
2025-10-13,663.04,79560500,1.534409359590816
2025-10-14,662.23,88779600,-0.12216457528956282
2025-10-15,665.17,81702600,0.44395451731271685
2025-10-16,660.64,110563300,-0.6810289099027256
2025-10-17,664.39,96500900,0.5676313877452266
2025-10-20,671.3,60493400,1.0400517768178297
2025-10-21,671.29,56249000,-0.0014896469536673784
2025-10-22,667.8,80564000,-0.5198945314245695
2025-10-23,671.76,65604500,0.5929919137466433
2025-10-24,677.25,74356500,0.8172561629153252
2025-10-27,685.24,63339800,1.1797711332595107
2025-10-28,687.06,61738100,0.2656003735917345
2025-10-29,687.39,85657100,0.04803073967338811
2025-10-30,679.83,76335800,-1.0998123336097287
2025-10-31,682.06,87164100,0.32802318226614613
2025-11-03,683.34,57315000,0.18766677418409206
2025-11-04,675.24,78427000,-1.185354289226448
2025-11-05,677.58,74402400,0.3465434512173404
2025-11-06,670.31,85035300,-1.0729360370731245
2025-11-07,670.97,100592400,0.0984619056854319
2025-11-10,681.44,75842900,1.5604274408691943
2025-11-11,683.0,58953400,0.2289269781638792
2025-11-12,683.38,62312500,0.05563689604686228
2025-11-13,672.04,103457800,-1.6593988703210605
2025-11-14,671.93,96733700,-0.01636807332896506
