Date,Open,High,Low,Close,Adj Close,Volume
11-Nov-25,52.19,52.42,51.17,51.85,51.85,"902,441"
10-Nov-25,51.96,53.68,51.55,52.86,52.86,"2,155,200"
7-Nov-25,49.69,50.47,48.35,50.39,50.39,"1,790,600"
6-Nov-25,51.6,51.79,50.03,50.24,50.24,"1,282,800"
5-Nov-25,48.57,51.73,48.33,51.28,51.28,"1,999,200"
4-Nov-25,47.66,48.69,47.25,47.93,47.93,"666,000"
3-Nov-25,49.95,49.95,48.97,49.14,49.14,"950,100"
31-Oct-25,48.02,49.33,48.02,49.12,49.12,"684,300"
30-Oct-25,48.53,48.53,47.71,47.73,47.73,"314,400"
29-Oct-25,48.52,49.82,48.34,48.6,48.6,"980,000"
28-Oct-25,49.34,49.34,48.28,48.45,48.45,"560,400"
27-Oct-25,49.15,49.16,48.37,48.91,48.91,"807,600"
24-Oct-25,47.95,48.62,47.81,48.1,48.1,"583,800"
23-Oct-25,45.86,46.76,45.67,46.53,46.53,"254,400"
22-Oct-25,46.41,46.66,45.03,45.95,45.95,"670,400"
21-Oct-25,47.7,47.7,46.48,46.81,46.81,"385,800"
20-Oct-25,47.01,47.53,46.92,47.24,47.24,"562,900"
17-Oct-25,46.96,47.31,46.28,46.56,46.56,"1,277,900"
16-Oct-25,49.5,49.6,47.8,48.03,48.03,"1,364,300"
15-Oct-25,48.26,49.32,47.51,48.93,48.93,"2,165,500"
14-Oct-25,45.81,47.61,45.37,46.89,46.89,"905,600"
13-Oct-25,45.95,47,45.88,46.32,46.32,"882,700"
10-Oct-25,47.65,47.67,44.62,44.95,44.95,"1,875,500"
9-Oct-25,46.73,48.57,46.6,47.54,47.54,"1,295,100"
8-Oct-25,46.31,46.4,45.95,46.14,46.14,"400,700"
7-Oct-25,46.3,46.52,45.36,45.68,45.68,"866,600"
6-Oct-25,46.5,46.71,46.15,46.24,46.24,"491,600"
3-Oct-25,46.52,46.96,45.6,45.98,45.98,"869,000"
2-Oct-25,46.09,46.42,45.83,46.18,46.18,"872,500"
1-Oct-25,44.06,45.32,44.06,45.08,45.08,"839,300"
30-Sep-25,44.24,44.33,43.18,43.63,43.63,"288,500"
29-Sep-25,43.9,44.21,43.56,43.82,43.82,"874,400"
26-Sep-25,43.43,43.58,42.76,43.42,43.42,"534,000"
25-Sep-25,42.84,43.77,42.3,43.71,43.71,"402,200"
24-Sep-25,42.95,44.08,42.8,43.35,43.35,"743,900"
23-Sep-25,43.98,43.98,42.22,42.37,42.37,"877,600"
22-Sep-25,42.61,43.92,42.57,43.89,43.89,"505,300"
19-Sep-25,42.72,43.37,42.67,43.17,43.17,"1,562,200"
18-Sep-25,43.06,43.06,42.11,42.81,42.81,"1,070,200"
17-Sep-25,42.72,43.78,42.33,42.86,42.86,"668,600"
16-Sep-25,42.53,42.93,42.32,42.67,42.67,"364,100"
15-Sep-25,41.77,42.55,41.33,42.35,42.35,"523,700"
12-Sep-25,41.6,41.95,41.4,41.78,41.78,"537,400"
11-Sep-25,42.08,42.6,41.6,41.86,41.86,"443,800"
10-Sep-25,42,42.36,41.61,41.91,41.91,"699,500"
9-Sep-25,43.02,43.18,41.65,41.97,41.97,"898,200"
8-Sep-25,44.12,44.13,42.91,43.33,43.33,"1,142,000"
5-Sep-25,43.44,44.49,42.93,44.04,44.04,"1,550,800"
4-Sep-25,41.82,42.16,41.42,42.02,42.02,"611,200"
3-Sep-25,41,42.04,41,41.57,41.57,"1,071,100"
2-Sep-25,40.16,41.02,39.75,40.98,40.98,"799,800"
29-Aug-25,41.61,42.04,41.44,41.55,41.55,"390,800"
28-Aug-25,41.53,41.71,41.08,41.46,41.46,"321,100"
27-Aug-25,41.7,41.7,40.85,40.96,40.96,"989,600"
26-Aug-25,41.69,42.63,41.49,41.81,41.81,"1,732,800"
25-Aug-25,41.52,41.99,41.15,41.67,41.67,"1,037,200"
22-Aug-25,39.8,42.04,39.77,41.89,41.89,"1,523,900"
21-Aug-25,40.46,40.46,39.36,39.62,39.62,"1,038,700"
20-Aug-25,41,41.62,40.74,41.03,41.03,"897,500"
19-Aug-25,41.28,41.65,40.76,41,41,"1,321,100"
18-Aug-25,40.92,41.97,40.87,41.69,41.69,"1,600,100"
15-Aug-25,37.16,40.64,37.15,39.84,39.84,"2,175,400"
14-Aug-25,36.75,36.85,36.11,36.62,36.62,"469,800"
13-Aug-25,36.96,37.79,36.96,37.25,37.25,"497,000"
12-Aug-25,36.76,36.97,36.49,36.88,36.88,"331,100"
11-Aug-25,37.21,37.65,36.49,36.6,36.6,"597,200"
8-Aug-25,36.98,37.13,36.57,36.75,36.75,"508,400"
7-Aug-25,36.83,37.16,36.48,36.48,36.48,"528,900"
6-Aug-25,36.45,36.54,35.98,36.07,36.07,"485,500"
5-Aug-25,36.7,36.71,36.28,36.46,36.46,"313,600"
4-Aug-25,36.62,36.89,36.49,36.69,36.69,"301,400"
1-Aug-25,37.14,37.25,36.35,36.46,36.46,"531,600"
31-Jul-25,37.09,37.34,36.54,36.8,36.8,"885,000"
30-Jul-25,38.11,38.14,37.31,37.56,37.56,"535,400"
29-Jul-25,38.97,39.02,38.31,38.42,38.42,"360,700"
28-Jul-25,38.96,38.96,38.42,38.68,38.68,"393,900"
25-Jul-25,39.1,39.17,38.66,39.11,39.11,"187,800"
24-Jul-25,39.64,39.79,38.94,39.13,39.13,"428,900"
23-Jul-25,39.87,39.87,38.95,39.27,39.27,"949,200"
22-Jul-25,39.1,40.35,39.02,40.12,40.12,"1,015,400"
21-Jul-25,38.09,38.88,38.01,38.36,38.36,"516,800"
18-Jul-25,37.99,38.2,37.68,37.99,37.99,"481,000"
17-Jul-25,37.81,38.36,37.81,37.97,37.97,"833,600"
16-Jul-25,38.38,38.51,37.6,37.87,37.87,"362,500"
15-Jul-25,38.14,38.84,38.13,38.32,38.32,"455,100"
14-Jul-25,38.11,38.78,37.89,38.3,38.3,"690,900"
11-Jul-25,38.55,38.62,37.86,38.1,38.1,"378,100"
10-Jul-25,38.88,39.1,38.63,38.92,38.92,"321,400"
9-Jul-25,38.01,38.68,37.82,38.58,38.58,"1,145,800"
8-Jul-25,38.1,38.52,37.82,38.08,38.08,"856,800"
7-Jul-25,38.49,38.93,38.16,38.55,38.55,"890,300"
3-Jul-25,37.75,38.92,37.55,38.73,38.73,"1,963,100"
2-Jul-25,36.37,37.62,36.28,37.04,37.04,"1,478,600"
1-Jul-25,34.56,36.11,33.97,35.24,35.24,"1,228,000"
30-Jun-25,33.95,34.69,33.72,34.26,34.26,"589,300"
27-Jun-25,34.62,34.62,33.75,34.14,34.14,"269,900"
26-Jun-25,33.83,34.56,33.83,34.31,34.31,"572,300"
25-Jun-25,33.54,33.57,33.01,33.47,33.47,"312,700"
24-Jun-25,32.31,33.66,31.93,33.41,33.41,"1,142,800"
23-Jun-25,31.99,32.32,31.59,32.06,32.06,"556,900"
20-Jun-25,32.65,33.01,32.04,32.05,32.05,"1,432,600"
18-Jun-25,32.08,32.8,32.05,32.49,32.49,"668,900"
17-Jun-25,31.68,32.5,31.4,32.14,32.14,"2,879,500"
16-Jun-25,35.36,35.64,34.75,35.38,35.38,"911,900"
13-Jun-25,33.5,35.26,33.45,34.97,34.97,"1,205,700"
12-Jun-25,34.27,34.57,34.11,34.23,34.23,"307,700"
11-Jun-25,34.6,34.92,34.27,34.54,34.54,"812,300"
10-Jun-25,34.39,34.6,33.85,34.32,34.32,"548,400"
9-Jun-25,33.99,34.44,33.7,33.78,33.78,"452,900"
6-Jun-25,33.54,33.75,33.26,33.59,33.59,"494,300"
5-Jun-25,33.26,33.7,32.74,33.33,33.33,"756,200"
4-Jun-25,33.46,33.53,32.95,33.12,33.12,"698,400"
3-Jun-25,31.87,33.17,31.58,33.09,33.09,"1,019,000"
2-Jun-25,32.23,32.41,31.46,31.82,31.82,"620,300"
30-May-25,31.88,32.66,31.54,32.35,32.35,"677,900"
29-May-25,32.25,32.4,31.77,31.93,31.93,"727,300"
28-May-25,31.79,31.9,31.54,31.68,31.68,"455,500"
27-May-25,31.98,32.07,31.55,31.93,31.93,"724,400"
23-May-25,30.96,32.04,30.75,31.73,31.73,"880,200"
22-May-25,31.21,31.62,30.57,31.44,31.44,"3,756,400"
21-May-25,34.22,34.44,33.77,33.97,33.97,"704,800"
20-May-25,34.23,35.12,34.21,34.48,34.48,"550,600"
19-May-25,34.36,34.58,33.83,34.27,34.27,"3,033,500"
16-May-25,35.43,35.93,34.9,35.14,35.14,"956,100"
15-May-25,34.64,35.71,34.45,35.66,35.66,"1,406,500"
14-May-25,34.8,35.59,34.62,35.26,35.26,"1,529,300"
13-May-25,34.13,35.55,34,34.72,34.72,"2,287,100"
12-May-25,33.2,33.73,32.35,33.03,33.03,"5,843,400"
9-May-25,30.8,31.85,30.8,31.71,31.71,"1,474,300"
8-May-25,30.13,30.98,29.75,30.73,30.73,"1,340,500"
7-May-25,29.27,29.75,29.21,29.6,29.6,"283,300"
6-May-25,29.2,29.92,29.09,29.3,29.3,"1,121,600"
5-May-25,29.12,29.14,28.61,28.85,28.85,"1,998,900"
2-May-25,29.25,29.55,29.12,29.35,29.35,"780,100"
1-May-25,28.65,29.15,28.57,28.8,28.8,"690,600"
30-Apr-25,28.63,28.72,27.82,28.38,28.38,"1,604,800"
29-Apr-25,29.54,29.85,29.37,29.61,29.61,"350,900"
28-Apr-25,29.82,30.03,29.48,29.79,29.79,"456,200"
25-Apr-25,28.97,30.01,28.86,29.88,29.88,"559,200"
24-Apr-25,28.41,29.18,28.39,29,29,"810,700"
23-Apr-25,28.93,29.17,28.13,28.29,28.29,"861,200"
22-Apr-25,28.22,29.31,28.15,28.85,28.85,"883,500"
21-Apr-25,28.08,28.08,27.23,27.61,27.61,"608,600"
17-Apr-25,27.79,28.24,27.6,28.16,28.16,"780,900"
16-Apr-25,27.9,28.32,27.44,27.83,27.83,"465,600"
15-Apr-25,28.8,28.88,28.19,28.29,28.29,"324,400"
14-Apr-25,28.23,28.85,28.06,28.65,28.65,"1,219,200"
11-Apr-25,27,27.79,26.63,27.72,27.72,"721,000"
10-Apr-25,27.27,27.6,25.95,26.7,26.7,"827,300"
9-Apr-25,25.88,28.06,25.53,27.97,27.97,"1,090,800"
8-Apr-25,28.33,28.5,25.63,26.03,26.03,"1,462,500"
7-Apr-25,27.05,29.16,27.03,27.67,27.67,"1,156,500"
4-Apr-25,29.23,29.23,28.2,28.88,28.88,"1,045,400"
3-Apr-25,30.24,30.86,29.98,30.35,30.35,"832,300"
2-Apr-25,30.44,31.17,30.44,31.08,31.08,"206,200"
1-Apr-25,30.57,30.84,29.91,30.8,30.8,"707,100"
31-Mar-25,30.51,30.57,29.76,30.46,30.46,"574,400"
28-Mar-25,31.04,31.19,30.76,31.01,31.01,"400,900"
27-Mar-25,31.22,31.67,31.01,31.27,31.27,"200,300"
26-Mar-25,32.1,32.4,31.21,31.36,31.36,"314,800"
25-Mar-25,31.94,32.59,31.94,32.13,32.13,"336,100"
24-Mar-25,32.24,32.6,31.82,31.83,31.83,"418,800"
21-Mar-25,32.14,32.45,31.88,32.16,32.16,"603,600"
20-Mar-25,32.51,33.06,32.36,32.59,32.59,"270,900"
19-Mar-25,32.85,33.28,32.77,33.09,33.09,"183,800"
18-Mar-25,33.35,33.35,32.63,32.87,32.87,"370,800"
17-Mar-25,32.46,33.69,32.46,33.54,33.54,"679,900"
14-Mar-25,32.28,32.82,32.28,32.39,32.39,"339,700"
13-Mar-25,31.96,32.5,31.8,32.09,32.09,"202,800"
12-Mar-25,32.87,32.87,31.96,32.28,32.28,"988,600"
11-Mar-25,32.66,33.09,32.04,32.63,32.63,"523,300"
10-Mar-25,32.49,33.34,32.4,32.55,32.55,"1,039,800"
7-Mar-25,31.99,32.96,31.99,32.83,32.83,"1,150,000"
6-Mar-25,31.94,32.39,31.75,32.15,32.15,"568,600"
5-Mar-25,32.21,32.58,31.75,32.39,32.39,"617,000"
4-Mar-25,30.88,32.55,30.62,32.08,32.08,"1,311,600"
3-Mar-25,32.47,32.61,31.09,31.31,31.31,"1,379,100"
28-Feb-25,33.23,33.23,32.03,32.35,32.35,"1,806,500"
27-Feb-25,35.01,35.01,33.61,33.68,33.68,"849,000"
26-Feb-25,35.09,35.86,34.96,34.96,34.96,"628,000"
25-Feb-25,34.37,34.86,34.13,34.26,34.26,"548,000"
24-Feb-25,34.43,34.65,34.05,34.28,34.28,"664,400"
21-Feb-25,35.48,35.54,34.21,34.44,34.44,"448,500"
20-Feb-25,35.38,35.47,34.73,35.38,35.38,"521,500"
19-Feb-25,35.76,36.4,35.5,35.5,35.5,"1,657,400"
18-Feb-25,34.36,34.95,34.05,34.9,34.9,"932,800"
14-Feb-25,34.08,34.53,33.87,34.31,34.31,"449,000"
13-Feb-25,33.18,33.83,33.09,33.76,33.76,"273,400"
12-Feb-25,33.01,33.5,32.72,33.19,33.19,"350,500"
11-Feb-25,33.56,33.89,33.24,33.29,33.29,"337,800"
10-Feb-25,34.38,34.41,34.05,34.26,34.26,"284,600"
7-Feb-25,34.64,34.92,34.1,34.36,34.36,"487,500"
6-Feb-25,33.86,34.58,33.86,34.27,34.27,"685,700"
5-Feb-25,34.3,34.45,33.44,33.57,33.57,"800,700"
4-Feb-25,33.62,34.33,33.24,33.96,33.96,"389,700"
3-Feb-25,32.69,33.75,32.6,33.22,33.22,"491,000"
31-Jan-25,34.41,34.56,33.69,33.8,33.8,"285,300"
30-Jan-25,34.09,34.45,33.76,34.18,34.18,"370,300"
29-Jan-25,33.91,34.29,33.34,33.61,33.61,"1,152,700"
28-Jan-25,33.26,33.46,32.45,32.65,32.65,"968,500"
27-Jan-25,33.15,33.82,32.96,33.32,33.32,"626,300"
24-Jan-25,33.42,33.92,33.34,33.65,33.65,"563,600"
23-Jan-25,32.41,33.56,32.12,33.53,33.53,"746,100"
22-Jan-25,33.67,33.67,32.51,32.57,32.57,"1,576,100"
21-Jan-25,34.09,34.24,33.27,33.67,33.67,"1,223,600"
17-Jan-25,35.02,35.08,34.32,34.39,34.39,"669,600"
16-Jan-25,34.26,34.82,34.11,34.68,34.68,"467,900"
15-Jan-25,35,35.42,34.31,34.35,34.35,"457,100"
14-Jan-25,33.98,34.69,33.83,33.94,33.94,"779,700"
13-Jan-25,33.84,33.84,32.92,33.72,33.72,"884,400"
10-Jan-25,34.6,34.8,33.97,34.14,34.14,"812,400"
8-Jan-25,35.94,35.96,35.13,35.3,35.3,"1,419,700"
7-Jan-25,35.73,37.12,35.73,36.6,36.6,"3,811,200"
6-Jan-25,35.84,36.64,35.51,35.55,35.55,"977,000"
3-Jan-25,35,35.27,34.8,35.15,35.15,"839,000"
2-Jan-25,33.6,35.02,33.6,34.73,34.73,"1,176,700"
31-Dec-24,33.52,33.98,33.11,33.12,33.12,"649,400"
30-Dec-24,33.4,33.72,33.12,33.62,33.62,"772,100"
27-Dec-24,34.02,34.25,33.65,33.95,33.95,"722,300"
26-Dec-24,34.05,34.67,34.04,34.39,34.39,"430,300"
24-Dec-24,34.2,34.67,34.03,34.43,34.43,"695,000"
23-Dec-24,0.165 Dividend,,,,,
23-Dec-24,33.28,34.07,33.24,34.06,34.06,"868,800"
20-Dec-24,32.25,33.81,32.15,33.54,33.38,"1,157,300"
19-Dec-24,33.49,33.5,32.54,32.56,32.4,"1,413,300"
18-Dec-24,34.6,35.24,33.36,33.53,33.37,"944,100"
17-Dec-24,34.1,35.07,34.1,34.63,34.46,"1,122,800"
16-Dec-24,34.75,34.82,33.98,34.16,33.99,"901,600"
13-Dec-24,34.81,35.07,34.62,35.07,34.9,"693,300"
12-Dec-24,35.31,35.54,34.86,34.88,34.71,"567,500"
11-Dec-24,35.99,36.03,35.08,35.55,35.38,"807,900"
10-Dec-24,36.1,36.1,35.51,35.79,35.61,"850,800"
9-Dec-24,35.79,37.66,35.79,36.79,36.61,"1,512,100"
6-Dec-24,35.87,35.87,35.12,35.32,35.15,"641,000"
5-Dec-24,36,36.28,35.32,35.43,35.26,"799,300"
4-Dec-24,36.69,36.78,35.89,36.02,35.84,"1,065,800"
3-Dec-24,37.19,37.33,36.78,36.87,36.69,"529,400"
2-Dec-24,36.8,37.67,36.8,37.47,37.29,"1,125,500"
29-Nov-24,36.79,37.29,36.79,36.83,36.65,"572,800"
27-Nov-24,36.15,36.85,36.15,36.54,36.36,"557,100"
26-Nov-24,36.12,36.18,35.46,35.97,35.79,"2,937,700"
25-Nov-24,35.24,36.36,35.24,36.05,35.87,"1,395,600"
22-Nov-24,33.86,34.73,33.86,34.64,34.47,"1,156,400"
21-Nov-24,34.31,34.81,34.23,34.33,34.16,"858,500"
20-Nov-24,33.83,34.68,33.79,34.65,34.48,"954,700"
19-Nov-24,34.19,34.49,33.97,34.01,33.84,"609,000"
18-Nov-24,34.16,34.78,33.89,34.52,34.35,"1,140,500"
15-Nov-24,35.4,35.88,34.28,34.31,34.14,"1,692,900"
14-Nov-24,34.5,36.07,34.3,35.57,35.4,"2,179,200"
13-Nov-24,34.88,35.29,34.48,34.84,34.67,"1,205,900"
12-Nov-24,35.51,35.59,34.42,34.72,34.55,"2,060,800"
11-Nov-24,36.03,36.25,35.67,36.14,35.96,"1,375,900"
8-Nov-24,36.9,37.04,35.74,36.04,35.86,"2,176,500"
7-Nov-24,37.22,37.77,37.07,37.58,37.4,"1,510,200"
6-Nov-24,37.51,37.8,36.3,37.25,37.07,"5,905,300"
5-Nov-24,40.79,41.88,40.58,41.79,41.58,"1,515,500"
4-Nov-24,40.4,41.71,40.4,41.08,40.88,"3,056,000"
1-Nov-24,39.83,40.32,39.53,39.79,39.59,"954,400"
31-Oct-24,39.36,39.99,39.2,39.83,39.63,"707,000"
30-Oct-24,38.26,39.28,38.04,38.88,38.69,"1,376,100"
29-Oct-24,39.1,39.19,38.3,38.45,38.26,"1,370,300"
28-Oct-24,39.2,40.17,39.1,39.88,39.68,"1,556,900"
25-Oct-24,38.22,39.38,38.22,38.95,38.76,"1,862,200"
24-Oct-24,37.02,37.35,36.81,37.21,37.03,"488,300"
23-Oct-24,37.29,37.84,36.86,37.04,36.86,"1,268,700"
22-Oct-24,37.1,37.51,36.94,37.28,37.1,"771,400"
21-Oct-24,37.24,37.55,36.64,36.9,36.72,"900,200"
18-Oct-24,37.64,37.65,37.22,37.34,37.16,"921,000"
17-Oct-24,37.8,37.8,37,37.02,36.84,"760,400"
16-Oct-24,37.61,37.85,37.48,37.75,37.56,"485,900"
15-Oct-24,38.33,38.35,37.35,37.51,37.33,"1,012,400"
14-Oct-24,39.04,39.33,38.59,38.88,38.69,"371,800"
11-Oct-24,38.31,39.53,38.31,39.32,39.13,"894,500"
10-Oct-24,39.44,39.69,38.48,38.57,38.38,"1,100,600"
9-Oct-24,40,40.43,39.52,40.05,39.85,"675,100"
8-Oct-24,41.25,41.34,40.3,40.54,40.34,"987,500"
7-Oct-24,42.43,43.42,42.32,42.89,42.68,"715,900"
4-Oct-24,42.34,42.55,41.82,42.13,41.92,"703,500"
3-Oct-24,41.56,42.05,41.45,41.64,41.44,"586,200"
2-Oct-24,42.83,42.91,42,42.45,42.24,"587,600"
1-Oct-24,43.17,43.17,41.98,42.67,42.46,"630,200"
30-Sep-24,43.39,43.8,42.91,43.11,42.9,"569,200"
27-Sep-24,43,43.72,42.9,43,42.79,"1,025,900"
26-Sep-24,41.92,42.6,41.4,41.94,41.73,"937,100"
25-Sep-24,41.31,41.37,40.52,40.58,40.38,"638,400"
24-Sep-24,41.42,41.8,41.14,41.51,41.31,"881,100"
23-Sep-24,40.73,41.02,40.34,40.94,40.74,"427,000"
20-Sep-24,41.07,41.07,40.23,40.66,40.46,"723,700"
19-Sep-24,42.77,42.81,41.01,41.14,40.94,"867,600"
18-Sep-24,41.32,43.14,41.21,41.45,41.25,"3,627,300"
17-Sep-24,40.5,41.65,40.5,41.46,41.26,"781,500"
16-Sep-24,40.42,40.92,39.8,40.57,40.37,"521,400"
13-Sep-24,40.5,40.7,40.04,40.58,40.38,"774,200"
12-Sep-24,40.32,40.34,39.69,40.04,39.84,"898,800"
11-Sep-24,39.19,40.59,39.08,40.49,40.29,"2,707,000"
10-Sep-24,37.95,38.21,37.33,38.1,37.91,"1,141,100"
9-Sep-24,38.72,38.99,38.01,38.17,37.98,"1,165,000"
6-Sep-24,39.87,40.06,38.81,38.97,38.78,"697,100"
5-Sep-24,40.43,40.63,39.98,39.99,39.79,"279,300"
4-Sep-24,39.59,40.4,39.55,40.28,40.08,"345,900"
3-Sep-24,41.24,41.3,39.6,39.82,39.62,"875,300"
30-Aug-24,41.14,41.5,40.83,41.28,41.08,"662,900"
29-Aug-24,41.3,41.4,40.76,40.78,40.58,"365,500"
28-Aug-24,41.18,41.57,40.54,40.92,40.72,"440,900"
27-Aug-24,41.56,41.74,41.04,41.53,41.33,"258,500"
26-Aug-24,42.57,42.87,41.65,41.68,41.47,"705,400"
23-Aug-24,40.37,42.24,40.29,42.17,41.96,"702,800"
22-Aug-24,40.79,40.97,39.99,40.08,39.88,"643,400"
21-Aug-24,40.84,41.18,40.64,41.13,40.93,"416,700"
20-Aug-24,41.55,41.65,40.53,40.74,40.54,"587,600"
19-Aug-24,40.76,41.66,40.68,41.6,41.4,"411,200"
16-Aug-24,40.86,41.07,40.34,40.7,40.5,"870,200"
15-Aug-24,40.64,41.53,40.56,41.11,40.91,"1,201,000"
14-Aug-24,40.99,41.18,39.95,40.07,39.87,"899,100"
13-Aug-24,39.51,40.82,39.43,40.66,40.46,"1,155,500"
12-Aug-24,39.43,39.54,39.09,39.26,39.07,"1,252,600"
9-Aug-24,40.03,40.03,38.91,39.39,39.2,"947,800"
8-Aug-24,39.54,40.53,39.52,40.2,40,"525,600"
7-Aug-24,40.6,41.02,39.42,39.46,39.27,"577,900"
6-Aug-24,39.29,39.85,38.88,39.18,38.99,"789,200"
5-Aug-24,37.86,39.84,37.42,39.12,38.93,"869,700"
2-Aug-24,40.24,40.76,39.63,40.19,39.99,"1,879,300"
1-Aug-24,42.48,43.17,41.16,41.41,41.21,"1,354,600"
31-Jul-24,41.82,43.14,41.71,42.13,41.92,"1,260,200"
30-Jul-24,41.53,41.81,40.75,40.98,40.78,"858,200"
29-Jul-24,42.32,42.65,41.15,41.66,41.46,"2,141,900"
26-Jul-24,42.51,43.16,42.25,42.69,42.48,"1,281,800"
25-Jul-24,41.79,42.91,41.65,42.08,41.87,"553,000"
24-Jul-24,41.5,42.73,41.5,41.8,41.59,"1,168,300"
23-Jul-24,41.23,41.89,41.08,41.44,41.24,"874,200"
22-Jul-24,42.5,42.5,41.38,41.62,41.42,"1,305,000"
19-Jul-24,41.76,41.94,40.68,41.4,41.2,"1,245,600"
18-Jul-24,42.47,43.35,41.57,41.73,41.52,"1,104,400"
17-Jul-24,42.82,43.15,41.85,42.24,42.03,"1,091,100"
16-Jul-24,42.2,43.54,42.02,43.47,43.26,"958,600"
15-Jul-24,42.7,42.77,41.63,41.89,41.68,"2,084,200"
12-Jul-24,43.59,44.74,43.59,44.5,44.28,"1,349,800"
11-Jul-24,42.59,43.44,42.47,43.27,43.06,"1,716,200"
10-Jul-24,40.74,41.47,40.46,41.39,41.19,"924,300"
9-Jul-24,40.3,41.09,40.07,40.73,40.53,"679,400"
8-Jul-24,40,40.71,40,40.45,40.25,"1,344,400"
5-Jul-24,40.58,40.65,39.91,40.01,39.81,"1,213,300"
3-Jul-24,39.09,40.6,39.08,40.54,40.34,"1,579,200"
2-Jul-24,39.01,39.86,38.68,38.98,38.79,"1,241,100"
1-Jul-24,40.01,40.24,39.14,39.24,39.05,"1,031,900"
28-Jun-24,41.62,42.02,40.01,40.21,40.01,"2,409,000"
27-Jun-24,41.15,42.25,41,42.06,41.85,"1,598,800"
26-Jun-24,41.33,41.62,40.9,41.25,41.05,"652,400"
25-Jun-24,42.35,42.44,41.39,41.65,41.45,"971,700"
24-Jun-24,43.06,43.67,42.32,42.96,42.75,"1,595,300"
21-Jun-24,42.8,43.74,42.8,43.23,43.02,"1,044,600"
20-Jun-24,44.1,44.14,43.3,43.77,43.55,"1,515,500"
18-Jun-24,44.54,45.28,44.42,45.11,44.89,"634,000"
17-Jun-24,45.65,45.86,44.22,44.93,44.71,"1,607,300"
14-Jun-24,46.8,47.27,45.72,45.8,45.57,"902,700"
13-Jun-24,48.35,48.39,46.77,47.12,46.89,"686,800"
12-Jun-24,49.59,49.93,48.03,48.29,48.05,"1,483,300"
11-Jun-24,47,47.96,46.43,47.83,47.59,"629,300"
10-Jun-24,45.5,47.56,45.22,47.26,47.03,"837,400"
7-Jun-24,46.33,47.28,45.76,45.94,45.71,"1,495,400"
6-Jun-24,48.16,48.16,47.32,47.51,47.28,"806,300"
5-Jun-24,47.6,48.96,47.36,48.53,48.29,"1,006,100"
4-Jun-24,47.97,48.14,47.27,47.41,47.18,"1,723,400"
3-Jun-24,49.4,49.4,47.87,48.13,47.89,"1,134,900"
31-May-24,49,49.49,47.08,48.28,48.04,"1,919,700"
30-May-24,48,49.16,47.83,49,48.76,"1,423,100"
29-May-24,46.82,48.2,46.6,47.6,47.37,"1,875,200"
28-May-24,48.25,48.65,47.28,47.62,47.39,"3,388,200"
24-May-24,45.21,47.56,45.21,47.5,47.27,"2,238,900"
23-May-24,46.67,46.67,44.84,45.14,44.92,"2,820,300"
22-May-24,43.3,47.36,43.17,46.76,46.53,"3,984,700"
21-May-24,42,42.95,41.92,42.91,42.7,"1,349,200"
20-May-24,42.61,42.66,42.05,42.27,42.06,"1,040,200"
17-May-24,43.11,43.19,42.55,42.61,42.4,"1,003,600"
16-May-24,43.86,44.17,43.04,43.33,43.12,"509,000"
15-May-24,44.98,45.2,43.33,43.73,43.51,"724,200"
14-May-24,44.13,44.55,43.2,43.77,43.55,"1,602,500"
13-May-24,42.69,43.63,42.53,42.77,42.56,"511,300"
10-May-24,43.5,43.85,41.97,42.06,41.85,"1,078,500"
9-May-24,42.45,43.22,42.13,43.2,42.99,"581,300"
8-May-24,42.61,42.62,41.89,42.48,42.27,"553,400"
7-May-24,43.24,43.68,43.03,43.06,42.85,"464,700"
6-May-24,43.05,43.5,43.05,43.25,43.04,"569,500"
3-May-24,42.63,43.59,42.35,42.91,42.7,"1,338,900"
2-May-24,40.87,41.54,40.23,41.49,41.29,"724,700"
1-May-24,40.12,41.72,40.12,40.3,40.1,"996,100"
30-Apr-24,40.79,41.05,40.29,40.33,40.13,"882,900"
29-Apr-24,41.3,42.02,41.29,41.62,41.42,"640,800"
26-Apr-24,40.07,41.09,40,40.77,40.57,"832,100"
25-Apr-24,39.51,39.88,38.83,39.79,39.59,"1,211,900"
24-Apr-24,40.33,41.29,39.88,40.31,40.11,"1,425,900"
23-Apr-24,39.96,41.13,39.68,40.5,40.3,"1,518,700"
22-Apr-24,39.72,40.14,39.11,39.95,39.75,"1,131,900"
19-Apr-24,39.56,39.86,39.37,39.59,39.4,"1,193,600"
18-Apr-24,40.22,40.53,39.61,39.7,39.5,"2,738,900"
17-Apr-24,40.1,40.85,39.85,40.1,39.9,"2,488,300"
16-Apr-24,40.11,40.33,39.58,39.74,39.54,"2,256,000"
15-Apr-24,41.75,42.13,40.46,40.6,40.4,"1,198,800"
12-Apr-24,43.25,43.83,41.85,41.99,41.78,"1,415,100"
11-Apr-24,44.32,44.81,43.08,43.68,43.47,"1,201,900"
10-Apr-24,43.79,44.16,43.23,43.97,43.75,"1,699,700"
9-Apr-24,44.11,45.59,43.87,45.52,45.3,"1,078,200"
8-Apr-24,43.4,44.25,43.4,43.74,43.52,"460,900"
5-Apr-24,43.14,43.77,42.95,43.13,42.92,"569,400"
4-Apr-24,44.43,45.46,43.52,43.72,43.5,"1,084,500"
3-Apr-24,42.77,43.99,42.67,43.88,43.66,"762,800"
2-Apr-24,43.96,44.36,43.19,43.39,43.18,"1,573,900"
1-Apr-24,45.28,45.9,44.76,45.07,44.85,"1,206,900"
28-Mar-24,45.4,46.13,45,45.37,45.15,"1,223,600"
27-Mar-24,43.24,45.42,43.24,45.39,45.17,"2,099,600"
26-Mar-24,43.55,43.9,42.99,43.02,42.81,"717,400"
25-Mar-24,43.64,44.25,43.36,43.45,43.24,"781,000"
22-Mar-24,44.25,44.52,43.79,44.03,43.81,"569,200"
21-Mar-24,44.23,45.14,44.19,44.39,44.17,"757,600"
20-Mar-24,42.59,44.4,42.5,44.09,43.87,"1,221,400"
19-Mar-24,42.69,43.28,42.69,43.05,42.84,"603,800"
18-Mar-24,42.55,43.32,42.1,42.8,42.59,"1,258,900"
15-Mar-24,42.52,43.02,42.29,42.55,42.34,"887,000"
14-Mar-24,44.04,44.39,42.33,42.69,42.48,"1,553,000"
13-Mar-24,44.75,45.12,43.77,43.87,43.65,"647,400"
12-Mar-24,46.1,46.1,44.31,44.62,44.4,"1,103,700"
11-Mar-24,46.65,47.56,46.23,46.38,46.15,"1,477,100"
8-Mar-24,46,46.6,45.36,45.77,45.54,"1,265,200"
7-Mar-24,44.36,45.1,44.31,44.97,44.75,"622,500"
6-Mar-24,43.72,44.28,43,43.94,43.72,"1,153,500"
5-Mar-24,42.83,43.72,42.35,43,42.79,"1,190,100"
4-Mar-24,44.25,44.53,43.01,43.39,43.18,"1,118,600"
1-Mar-24,43.4,44.49,42.97,44.18,43.96,"1,088,100"
29-Feb-24,43.17,44.28,42.59,43.15,42.94,"774,600"
28-Feb-24,42.52,42.86,41.9,42.01,41.8,"935,100"
27-Feb-24,42.5,42.86,42.03,42.56,42.35,"581,100"
26-Feb-24,41.75,42.73,41.44,41.98,41.77,"836,900"
23-Feb-24,42.69,42.79,41.86,41.99,41.78,"1,325,700"
22-Feb-24,44.7,44.78,42.63,42.65,42.44,"1,467,800"
21-Feb-24,44.41,45.1,44.13,44.76,44.54,"920,000"
20-Feb-24,46.21,46.37,45.27,45.81,45.58,"915,300"
16-Feb-24,47.21,47.49,46.6,46.86,46.63,"1,058,800"
15-Feb-24,47.46,48.24,46.68,47.4,47.17,"1,457,100"
14-Feb-24,45.6,46.63,45.02,46.63,46.4,"837,100"
13-Feb-24,44.58,45.69,43.75,44.49,44.27,"1,542,600"
12-Feb-24,45.76,47.96,45.67,47.3,47.07,"1,166,700"
9-Feb-24,44.32,45.75,44,45.49,45.27,"1,382,300"
8-Feb-24,44.3,44.51,43.65,44.1,43.88,"1,433,700"
7-Feb-24,44.51,45.06,43.12,44.16,43.94,"2,922,700"
6-Feb-24,41.47,42.36,41.04,42.28,42.07,"1,300,900"
5-Feb-24,41.34,41.36,40.15,41.1,40.9,"2,182,000"
2-Feb-24,42.46,42.52,41.55,42.28,42.07,"1,705,700"
1-Feb-24,43.61,44.51,42.65,43.42,43.21,"1,391,500"
31-Jan-24,43.28,44.75,42.3,42.37,42.16,"2,152,100"
30-Jan-24,43.65,43.84,42.93,43.22,43.01,"928,800"
29-Jan-24,42.76,44.15,42.31,44.05,43.83,"1,386,500"
26-Jan-24,43.65,44.24,43.11,43.19,42.98,"873,200"
25-Jan-24,44.07,44.33,42.72,43.88,43.66,"780,400"
24-Jan-24,45.81,46.05,43.97,44.03,43.81,"943,600"
23-Jan-24,45.05,45.73,44.2,44.89,44.67,"1,803,700"
22-Jan-24,43,45.28,43,43.56,43.35,"1,152,000"
19-Jan-24,43,43.07,41.71,42.9,42.69,"1,722,800"
18-Jan-24,43.8,43.8,42.93,43.27,43.06,"738,600"
17-Jan-24,43.04,43.38,42.51,42.89,42.68,"1,597,600"
16-Jan-24,45.53,45.67,44.2,44.27,44.05,"2,162,000"
12-Jan-24,47.8,48.18,46.32,46.45,46.22,"770,500"
11-Jan-24,48.04,48.36,46.27,47.01,46.78,"2,865,900"
10-Jan-24,47.79,48.29,47.14,48.26,48.02,"981,200"
9-Jan-24,47.94,48.25,47.08,47.91,47.67,"640,900"
8-Jan-24,48.28,48.75,47.45,48.29,48.05,"1,182,600"
5-Jan-24,48.27,49.45,47.76,48.29,48.05,"1,768,900"
4-Jan-24,49.98,49.98,48.74,48.77,48.53,"1,088,000"
3-Jan-24,50.92,50.93,48.96,50.08,49.83,"2,319,200"
2-Jan-24,52.4,53.42,51.73,52.07,51.81,"2,920,300"
29-Dec-23,53.85,54.39,53.27,53.35,53.09,"617,400"
28-Dec-23,53.59,54.62,53.59,54.22,53.95,"672,500"
27-Dec-23,53.9,54,53.31,53.68,53.42,"1,078,600"
26-Dec-23,52.49,53.91,52.44,53.66,53.4,"1,462,200"
22-Dec-23,53.1,53.37,52.18,52.59,52.33,"849,200"
21-Dec-23,51.79,53.22,51.79,53.06,52.8,"1,153,600"
20-Dec-23,53.21,53.21,50.56,50.64,50.39,"1,646,200"
19-Dec-23,51.58,53.13,51.42,52.95,52.69,"1,629,200"
18-Dec-23,0.048 Dividend,,,,,
18-Dec-23,50.78,51.78,49.75,50.6,50.35,"1,424,000"
15-Dec-23,51.93,52.38,50.53,51.78,51.48,"2,487,200"
14-Dec-23,48.9,51.76,48.9,50.76,50.46,"4,123,600"
13-Dec-23,43.89,46.99,43.5,46.94,46.67,"3,305,300"
12-Dec-23,45.27,45.47,43.64,44.46,44.2,"1,468,500"
11-Dec-23,45.21,46.15,45.01,45.81,45.54,"1,037,100"
8-Dec-23,46.48,47.24,45.31,45.82,45.55,"877,000"
7-Dec-23,46.52,46.93,46.35,46.65,46.38,"573,700"
6-Dec-23,47.46,48.19,46.55,46.58,46.31,"1,876,900"
5-Dec-23,47.06,47.94,46.84,47.23,46.95,"2,409,400"
4-Dec-23,47.74,48.63,47.39,47.74,47.46,"3,032,400"
1-Dec-23,45.37,47.95,45.14,47.87,47.59,"1,417,900"
30-Nov-23,45.72,46.17,45.03,45.84,45.57,"937,800"
29-Nov-23,45.76,46.59,45.55,45.84,45.57,"1,152,100"
28-Nov-23,44.46,45.49,44.05,45.29,45.03,"801,500"
27-Nov-23,45.09,45.34,44.54,44.63,44.37,"2,158,300"
24-Nov-23,45.61,45.81,45.34,45.48,45.21,"1,231,700"
22-Nov-23,46.61,46.73,45.9,46.06,45.79,"806,800"
21-Nov-23,46.55,46.8,45.92,46.04,45.77,"772,400"
20-Nov-23,46.29,47.36,45.59,47.03,46.76,"1,005,700"
17-Nov-23,45.91,45.91,44.55,45.63,45.36,"1,033,600"
16-Nov-23,45.87,46.44,45.27,45.48,45.21,"1,278,000"
15-Nov-23,46.36,48.09,46.1,46.65,46.38,"2,191,000"
14-Nov-23,43.59,46.14,43.59,46.03,45.76,"3,167,900"
13-Nov-23,41.21,42.11,40.87,41.71,41.47,"940,000"
10-Nov-23,41.1,41.46,40.55,41.4,41.16,"820,800"
9-Nov-23,42.51,43.06,41.4,41.56,41.32,"753,900"
8-Nov-23,43.31,43.4,42.26,42.54,42.29,"918,900"
7-Nov-23,43.27,44.13,43.06,43.91,43.65,"1,066,600"
6-Nov-23,45.3,45.3,43.53,43.88,43.62,"1,087,000"
3-Nov-23,44.42,45.59,44.13,44.7,44.44,"1,106,800"
2-Nov-23,41.76,43.44,41.68,43.04,42.79,"1,509,500"
1-Nov-23,42.02,42.16,40.74,41.52,41.28,"715,800"
31-Oct-23,41.35,42.02,41.2,41.98,41.73,"762,400"
30-Oct-23,41.63,42.59,40.82,41.35,41.11,"1,007,000"
27-Oct-23,42,42.34,40.89,40.95,40.71,"1,843,300"
26-Oct-23,42.52,43.69,42.52,43.05,42.8,"788,000"
25-Oct-23,43.22,43.39,42.04,42.64,42.39,"1,036,000"
24-Oct-23,43.95,45.16,43.91,44.26,44,"639,800"
23-Oct-23,43.19,44.3,42.55,43.68,43.42,"786,500"
20-Oct-23,42.85,44.67,42.79,43.92,43.66,"2,242,600"
19-Oct-23,47.86,48.07,46.62,46.75,46.48,"1,054,600"
18-Oct-23,49.13,49.13,47.99,48.23,47.95,"331,700"
17-Oct-23,48.18,50.35,48.18,49.68,49.39,"558,000"
16-Oct-23,48.12,49.16,47.63,48.97,48.68,"454,000"
13-Oct-23,49.2,49.34,48.15,48.33,48.05,"423,400"
12-Oct-23,50.4,50.46,48.4,49,48.71,"465,900"
11-Oct-23,50.8,51.2,49.77,50.4,50.11,"839,500"
10-Oct-23,47.43,49.97,47.2,49.76,49.47,"3,135,700"
9-Oct-23,46.82,47.46,46.41,47.09,46.81,"425,200"
6-Oct-23,46,48.04,45.83,47.73,47.45,"866,700"
5-Oct-23,47.6,47.9,46.31,46.66,46.39,"671,000"
4-Oct-23,47.81,48.08,46.37,47.9,47.62,"1,440,900"
3-Oct-23,48.89,48.89,47.17,47.59,47.31,"1,624,300"
2-Oct-23,51.2,51.33,49.24,49.43,49.14,"939,000"
29-Sep-23,52.52,53.53,51.47,51.79,51.49,"836,700"
28-Sep-23,51.91,52.11,50.66,51.85,51.55,"956,800"
27-Sep-23,52.11,52.73,51.38,51.68,51.38,"659,000"
26-Sep-23,51.73,52.47,51.66,51.74,51.44,"652,100"
25-Sep-23,52.17,53.4,52.07,52.57,52.26,"691,300"
22-Sep-23,54,54.1,52.81,52.82,52.51,"737,100"
21-Sep-23,53.96,54.06,53.24,53.59,53.28,"899,700"
20-Sep-23,55,55.61,54.39,54.54,54.22,"614,900"
19-Sep-23,54.24,55.31,54.24,54.6,54.28,"468,700"
18-Sep-23,55.55,55.55,54.17,54.24,53.92,"979,000"
15-Sep-23,56.4,56.95,55.6,55.92,55.59,"529,600"
14-Sep-23,55.86,57.22,55.62,57.1,56.77,"586,400"
13-Sep-23,56.67,57,55.36,55.62,55.3,"432,100"
12-Sep-23,55.49,56.96,55.33,56.79,56.46,"620,900"
11-Sep-23,56,56.44,55.55,55.73,55.4,"270,700"
8-Sep-23,55.65,55.74,55.07,55.57,55.25,"658,400"
7-Sep-23,55.57,55.69,54.72,55.56,55.24,"664,900"
6-Sep-23,57.68,58,56.41,56.81,56.48,"553,200"
5-Sep-23,58.2,58.53,57.86,58.02,57.68,"469,400"
1-Sep-23,58.6,59.46,58.21,58.41,58.07,"359,000"
31-Aug-23,58.3,58.77,58.11,58.23,57.89,"554,900"
30-Aug-23,58.63,58.89,58.04,58.28,57.94,"519,300"
29-Aug-23,56.56,59,56.56,58.72,58.38,"1,321,700"
28-Aug-23,56.6,56.89,56.14,56.48,56.15,"395,800"
25-Aug-23,55.53,56.5,55.45,56.17,55.84,"446,200"
24-Aug-23,57.03,57.03,55.44,55.5,55.18,"513,900"
23-Aug-23,55.74,57.06,55.7,56.76,56.43,"397,400"
22-Aug-23,56.8,56.8,55.37,55.79,55.46,"669,800"
21-Aug-23,57.02,57.02,55.94,56.38,56.05,"568,400"
18-Aug-23,56.42,57.37,56.07,57.01,56.68,"1,246,800"
17-Aug-23,58.49,58.6,57.14,57.27,56.94,"1,160,300"
16-Aug-23,59,59.38,58.08,58.19,57.85,"967,500"
15-Aug-23,61.08,61.38,59.46,59.58,59.23,"1,572,400"
14-Aug-23,61.13,62.18,60.1,62.02,61.66,"1,022,900"
11-Aug-23,62.01,62.12,61.3,61.82,61.46,"769,800"
10-Aug-23,63.4,64.13,62.52,62.78,62.41,"713,600"
9-Aug-23,62.69,63.93,62.5,63.4,63.03,"1,249,200"
8-Aug-23,61.4,62.09,61.15,62.04,61.68,"614,500"
7-Aug-23,62.79,62.8,61.96,62.21,61.85,"983,700"
4-Aug-23,64.08,64.2,62.59,62.72,62.35,"1,348,000"
3-Aug-23,63.66,64.98,63.49,63.63,63.26,"755,400"
2-Aug-23,64.82,64.85,63.04,63.38,63.01,"1,732,200"
1-Aug-23,67.1,67.8,66.96,67.06,66.67,"412,100"
31-Jul-23,68.14,69.44,68,68.54,68.14,"527,400"
28-Jul-23,68.22,68.56,66.96,68.26,67.86,"808,400"
27-Jul-23,70,70.02,67.56,68.13,67.73,"902,500"
26-Jul-23,69,70.58,68.9,70.02,69.61,"742,800"
25-Jul-23,71.06,71.74,70.91,71.04,70.62,"263,300"
24-Jul-23,70.89,71.44,70.21,70.92,70.51,"906,800"
21-Jul-23,71.44,71.76,70.74,71.15,70.73,"431,400"
20-Jul-23,72,72.1,71.1,71.44,71.02,"939,000"
19-Jul-23,73.56,74.03,72.78,73.01,72.58,"623,100"
18-Jul-23,73.88,74.71,72.83,72.89,72.46,"1,369,700"
17-Jul-23,70.67,74.12,70.38,73.55,73.12,"1,147,900"
14-Jul-23,71.87,72.17,70.58,70.72,70.31,"565,500"
13-Jul-23,71.61,72.3,71.61,72.12,71.7,"587,000"
12-Jul-23,70.77,71.59,70.4,71.32,70.9,"476,700"
11-Jul-23,69.23,69.55,68.65,69.36,68.95,"312,700"
10-Jul-23,67.72,69.6,67.44,69.37,68.96,"728,300"
7-Jul-23,67.57,68.93,67.38,68.05,67.65,"557,900"
6-Jul-23,68.95,68.95,66.73,67.36,66.97,"929,300"
5-Jul-23,70.76,70.76,69.46,69.79,69.38,"666,100"
3-Jul-23,71.42,72.78,71.19,71.42,71,"304,000"
30-Jun-23,70.06,71.54,69.62,71.42,71,"822,800"
29-Jun-23,69.36,70.28,68.54,68.92,68.52,"831,600"
28-Jun-23,68.98,70.25,68.8,69.63,69.22,"442,000"
27-Jun-23,68.78,69.3,68.35,69.2,68.8,"738,700"
26-Jun-23,68.08,69.8,68.08,68.41,68.01,"562,700"
23-Jun-23,68.15,68.4,67.4,68.04,67.64,"949,200"
22-Jun-23,69.44,69.54,67.95,68.93,68.53,"806,500"
21-Jun-23,70.1,70.37,69.4,69.64,69.23,"521,400"
20-Jun-23,71.98,72.4,70.16,70.5,70.09,"767,100"
16-Jun-23,73.64,74.28,72.26,72.79,72.36,"687,000"
15-Jun-23,71.37,73.35,71.32,73.2,72.77,"680,000"
14-Jun-23,72.5,72.58,71.15,71.62,71.2,"910,300"
13-Jun-23,72.03,73.49,71.71,72.31,71.89,"665,100"
12-Jun-23,70.57,71.67,69.8,71.54,71.12,"706,300"
9-Jun-23,71.03,71.97,70.36,70.39,69.98,"486,200"
8-Jun-23,70.89,71.36,70.29,70.82,70.41,"521,800"
7-Jun-23,71.11,72.25,70.77,71.02,70.61,"550,800"
6-Jun-23,71.11,72.15,70.54,71.24,70.82,"409,000"
5-Jun-23,71.77,72.33,71.11,71.81,71.39,"454,200"
2-Jun-23,73.05,73.23,71.46,72.07,71.65,"925,100"
1-Jun-23,69.67,72.08,69.47,71.48,71.06,"666,200"
31-May-23,70.1,70.57,68.82,69.98,69.57,"718,500"
30-May-23,70.89,72.27,70.01,70.81,70.4,"770,600"
26-May-23,70.61,71.15,69.9,70.77,70.36,"274,700"
25-May-23,70.73,70.86,69.8,70.62,70.21,"467,000"
24-May-23,70.79,71.29,69.96,70.82,70.41,"315,000"
23-May-23,71.53,72.43,70.83,71.14,70.72,"279,800"
22-May-23,70.22,71.65,70.13,71.34,70.92,"600,100"
19-May-23,70.61,71.69,69.73,70.11,69.7,"324,100"
18-May-23,71.66,71.66,70.09,70.77,70.36,"328,100"
17-May-23,70.99,71.94,70.5,71.66,71.24,"474,500"
16-May-23,72.41,72.74,70.98,70.99,70.58,"572,500"
15-May-23,72.74,73.65,71.99,72.69,72.27,"533,200"
12-May-23,71.25,74.06,71.08,71.94,71.52,"1,412,400"
11-May-23,69.37,70.24,69.33,69.81,69.4,"489,500"
10-May-23,69.63,70.25,69.31,69.89,69.48,"626,900"
9-May-23,69.64,69.64,68.48,69.25,68.85,"536,200"
8-May-23,70.46,70.57,69.55,69.95,69.54,"636,100"
5-May-23,69.13,70.42,68.71,70.21,69.8,"480,100"
4-May-23,69.52,70,67.98,68.27,67.87,"566,000"
3-May-23,68.76,69.7,68.16,68.71,68.31,"536,900"
2-May-23,70.41,70.41,68.64,68.81,68.41,"993,100"
1-May-23,71.86,72.56,70.77,71.13,70.71,"643,400"
28-Apr-23,71.51,72.05,69.86,71.99,71.57,"705,200"
27-Apr-23,71.72,73.4,71.72,72.75,72.32,"711,000"
26-Apr-23,72.89,73.46,70.98,71.45,71.03,"1,273,900"
25-Apr-23,76.71,76.82,75.56,75.62,75.18,"436,800"
24-Apr-23,77.76,77.79,76.25,77.68,77.23,"514,300"
21-Apr-23,77.74,78.27,76.45,77.72,77.27,"1,004,200"
20-Apr-23,76.43,78.05,76.25,77.63,77.18,"482,400"
19-Apr-23,77.69,78,77.31,77.78,77.33,"541,400"
18-Apr-23,78.85,79,77.74,78.4,77.94,"605,700"
17-Apr-23,76.69,79.09,76.66,78.36,77.9,"1,431,000"
14-Apr-23,77.25,77.42,75.46,76.33,75.88,"369,000"
13-Apr-23,75.48,77.46,75.4,76.99,76.54,"635,300"
12-Apr-23,76.13,76.58,74.59,74.64,74.2,"563,100"
11-Apr-23,75.2,76.05,74.71,75.72,75.28,"605,100"
10-Apr-23,73.16,75.24,73.12,75.19,74.75,"372,100"
6-Apr-23,73.38,74,72.95,73.68,73.25,"535,200"
5-Apr-23,75.05,75.79,72.79,73.69,73.26,"572,300"
4-Apr-23,76.35,76.35,75.19,75.83,75.39,"335,600"
3-Apr-23,77.9,78.37,75.81,76.36,75.91,"565,600"
31-Mar-23,76.11,78.33,76.11,77.63,77.18,"645,700"
30-Mar-23,76.59,77.41,75.45,75.75,75.31,"795,600"
29-Mar-23,73.02,74.54,72.05,74.2,73.77,"780,200"
28-Mar-23,72.64,73.06,72.17,72.56,72.14,"274,600"
27-Mar-23,73.89,73.89,71.93,72.92,72.49,"486,900"
24-Mar-23,72.6,73.39,71.86,72.98,72.55,"698,900"
23-Mar-23,73.12,76.18,72.85,73.58,73.15,"716,300"
22-Mar-23,73.93,74.65,72.39,72.49,72.07,"573,400"
21-Mar-23,72.15,74.53,72.12,74.08,73.65,"1,151,400"
20-Mar-23,69.61,71.24,68.96,70.51,70.1,"594,500"
17-Mar-23,72,72.06,68.6,69.41,69,"1,416,700"
16-Mar-23,72.81,72.81,70.87,72.25,71.83,"957,900"
15-Mar-23,73.44,74.15,71.52,73.23,72.8,"818,700"
14-Mar-23,76.74,77.69,74.84,75.62,75.18,"616,700"
13-Mar-23,73.49,76.22,73.02,75.13,74.69,"596,600"
10-Mar-23,76.55,77.19,74.1,75.06,74.62,"1,122,800"
9-Mar-23,78.04,79.52,76.87,77.02,76.57,"584,300"
8-Mar-23,78.85,78.92,77.26,78.35,77.89,"1,070,700"
7-Mar-23,80,80.15,78.3,78.78,78.32,"549,900"
6-Mar-23,78.39,80.44,78.39,79.72,79.25,"1,308,300"
3-Mar-23,76.28,78.85,76.25,78.2,77.74,"1,207,000"
2-Mar-23,76,76.32,74.87,76.25,75.8,"742,400"
1-Mar-23,75.51,77.27,75.3,76.55,76.1,"845,900"
28-Feb-23,73.34,74.66,73.29,74.29,73.86,"373,900"
27-Feb-23,73.24,74.63,73.06,74.22,73.79,"677,300"
24-Feb-23,73.56,73.56,72.12,72.59,72.17,"666,900"
23-Feb-23,75.1,75.67,73.53,74.65,74.21,"1,006,400"
22-Feb-23,73.86,74.44,73.22,74.09,73.66,"803,000"
21-Feb-23,75,75.63,73.99,74.09,73.66,"718,200"
17-Feb-23,75.48,75.89,74.93,75.7,75.26,"989,500"
16-Feb-23,77.87,78.67,76.23,76.23,75.78,"725,700"
15-Feb-23,76.06,79.16,75.38,79.04,78.58,"1,021,300"
14-Feb-23,75.57,76.76,74.81,76.53,76.08,"887,400"
13-Feb-23,75.92,77.81,75.5,77.08,76.63,"827,100"
10-Feb-23,75.4,76.68,74.8,75.88,75.44,"1,065,900"
9-Feb-23,79.09,79.7,75.92,76.4,75.95,"1,364,200"
8-Feb-23,80.77,80.78,77.81,78.02,77.56,"1,181,500"
7-Feb-23,79.26,79.26,77.5,78.92,78.46,"1,459,700"
6-Feb-23,78.59,79.71,78.2,79.16,78.7,"677,300"
3-Feb-23,80.2,80.93,79.29,79.73,79.26,"760,100"
2-Feb-23,83.8,83.97,81.19,81.7,81.22,"906,000"
1-Feb-23,80.98,83.56,80.42,82.63,82.15,"787,800"
31-Jan-23,78.94,80.83,78.3,80.8,80.33,"797,700"
30-Jan-23,79.45,79.95,78.03,78.22,77.76,"781,200"
27-Jan-23,79.02,80.89,78.34,80.15,79.68,"968,800"
26-Jan-23,80.15,80.42,78.35,79.48,79.02,"629,300"
25-Jan-23,78.88,79.44,77.27,79.2,78.74,"1,566,500"
24-Jan-23,80.69,81.41,79.9,80.68,80.21,"609,000"
23-Jan-23,80.1,82.53,79.08,81.61,81.13,"1,045,000"
20-Jan-23,78.96,79.82,78.25,79.47,79.01,"1,177,100"
19-Jan-23,81.18,81.3,77.52,77.96,77.5,"1,332,900"
18-Jan-23,82.83,83.68,81.1,81.79,81.31,"604,800"
17-Jan-23,81.6,83.12,81.55,82.29,81.81,"929,400"
13-Jan-23,80.07,82.42,80.07,81.74,81.26,"655,500"
12-Jan-23,80.5,81.68,79.43,81.68,81.2,"600,400"
11-Jan-23,77.7,80.37,77.57,80.21,79.74,"1,226,100"
10-Jan-23,74.61,77.05,74.45,77.04,76.59,"651,400"
9-Jan-23,74.99,76.05,74.65,74.71,74.27,"978,300"
6-Jan-23,72.6,74.1,71.42,73.87,73.44,"1,200,200"
5-Jan-23,72.37,72.37,70.77,70.91,70.5,"676,600"
4-Jan-23,72.51,73.43,72.23,73.3,72.87,"680,400"
3-Jan-23,73.9,74.59,71.74,72.17,71.75,"489,000"
30-Dec-22,72.23,73.08,71.86,72.94,72.51,"478,900"
29-Dec-22,72.53,73.91,72.34,73.08,72.65,"564,900"
28-Dec-22,73.36,73.74,71.75,71.83,71.41,"884,900"
27-Dec-22,75.59,75.59,73.02,73.08,72.65,"1,072,600"
23-Dec-22,76.2,76.2,74.2,74.86,74.42,"499,300"
22-Dec-22,77.44,77.86,74.82,75.86,75.42,"1,075,900"
21-Dec-22,76.81,78.65,75.49,78.42,77.96,"644,100"
20-Dec-22,76.5,78.25,75.5,76.81,76.36,"1,065,800"
19-Dec-22,78.81,79.25,77.05,77.4,76.95,"685,000"
16-Dec-22,79.21,79.72,76.73,78.43,77.97,"2,063,500"
15-Dec-22,81.4,83.28,80.09,80.24,79.77,"1,546,300"
14-Dec-22,81.04,83.46,81.04,82.73,82.25,"1,362,100"
13-Dec-22,81.66,82.51,80.31,81.15,80.68,"1,165,000"
12-Dec-22,79,79.77,78.4,79.46,79,"834,100"
9-Dec-22,79.2,79.97,78.56,78.62,78.16,"874,900"
8-Dec-22,78.92,80,78.45,79.09,78.63,"470,400"
7-Dec-22,78.83,79.82,77.56,78.46,78,"915,400"
6-Dec-22,81.91,82,78.33,79.09,78.63,"1,278,900"
5-Dec-22,83,83.1,81.28,81.9,81.42,"1,510,700"
2-Dec-22,80.64,84.15,80.35,83.76,83.27,"1,319,100"
1-Dec-22,83.51,83.81,81.38,81.5,81.02,"1,883,200"
30-Nov-22,80.98,84.18,80.76,83.98,83.49,"2,151,200"
29-Nov-22,80.63,81.24,79.42,79.49,79.03,"1,423,000"
28-Nov-22,81.2,81.67,80.16,80.46,79.99,"885,900"
25-Nov-22,81.61,83.02,81.3,82.49,82.01,"279,400"
23-Nov-22,81.61,82.45,81.25,82.35,81.87,"516,600"
22-Nov-22,80.99,81.65,79.55,81.49,81.01,"558,100"
21-Nov-22,80.94,81.24,79.72,80.81,80.34,"591,000"
18-Nov-22,82.86,83,80.48,81.51,81.03,"1,403,300"
17-Nov-22,79.03,82.72,78.8,82.62,82.14,"1,129,000"
16-Nov-22,81.15,82.6,80.88,81.54,81.06,"825,100"
15-Nov-22,82,83.1,81.32,81.82,81.34,"1,120,400"
14-Nov-22,79.26,80.27,77.68,79.25,78.79,"1,444,000"
11-Nov-22,80.2,81.94,79.38,79.48,79.02,"1,467,300"
10-Nov-22,78.27,82.23,76.82,81.48,81,"3,224,700"
9-Nov-22,74.17,76.78,73.76,74.59,74.15,"1,972,700"
8-Nov-22,72.81,74.43,72.63,73.89,73.46,"821,200"
7-Nov-22,73.48,73.48,70.7,71.41,70.99,"694,000"
4-Nov-22,75.19,75.19,70.79,72.36,71.94,"991,700"
3-Nov-22,69.77,73.23,69.77,72.52,72.1,"937,900"
2-Nov-22,71.75,72.97,69.88,69.93,69.52,"832,200"
1-Nov-22,73.15,73.89,71.72,71.75,71.33,"559,600"
31-Oct-22,70.01,71.75,69.63,71.28,70.86,"1,045,500"
28-Oct-22,71.63,71.63,69.51,70.88,70.47,"1,401,200"
27-Oct-22,71.32,72.44,70.42,71.59,71.17,"1,781,300"
26-Oct-22,70,72.41,69.68,70.83,70.42,"1,988,300"
25-Oct-22,65.72,68.33,65.72,67.99,67.59,"1,270,400"
24-Oct-22,65.21,65.23,62.97,64.86,64.48,"1,860,800"
21-Oct-22,65,66.73,64.21,66.55,66.16,"2,051,900"
20-Oct-22,65.89,66.47,64.58,65.37,64.99,"1,416,600"
19-Oct-22,67.35,67.35,65.51,66.1,65.71,"1,398,500"
18-Oct-22,68.45,69.57,67.28,68.46,68.06,"1,727,800"
17-Oct-22,67.53,68.32,66.04,66.61,66.22,"1,873,000"
14-Oct-22,69.03,69.82,65.94,66,65.61,"1,457,000"
13-Oct-22,64.77,68.22,64.45,67.57,67.18,"1,235,800"
12-Oct-22,68.8,69.04,66.82,66.89,66.5,"1,022,600"
11-Oct-22,68.82,69.91,67.57,69.12,68.72,"1,028,900"
10-Oct-22,70.45,70.65,68.93,70.09,69.68,"1,488,200"
7-Oct-22,71.97,72.62,70.63,71.05,70.63,"1,141,000"
6-Oct-22,75.16,76.39,73.05,73.14,72.71,"1,037,300"
5-Oct-22,77.36,77.36,73.85,75.26,74.82,"1,358,200"
4-Oct-22,78,79.16,77.56,78.36,77.9,"766,700"
3-Oct-22,74.18,75.98,73.5,75.37,74.93,"1,758,900"
30-Sep-22,73,75.17,72.52,73.61,73.18,"733,800"
29-Sep-22,75.8,75.86,72.44,73.27,72.84,"1,041,600"
28-Sep-22,75.77,77.71,74.38,77.33,76.88,"2,524,900"
27-Sep-22,76.33,77.47,75.2,75.92,75.48,"828,600"
26-Sep-22,75.31,77.1,74.2,74.35,73.92,"1,059,400"
23-Sep-22,76.3,76.9,74.76,75.7,75.26,"1,746,800"
22-Sep-22,80.93,81.48,77.81,78.47,78.01,"1,849,200"
21-Sep-22,82.08,83.61,80.66,81.23,80.76,"1,082,300"
20-Sep-22,84,84.2,81.5,81.66,81.18,"1,376,600"
19-Sep-22,83.31,84.83,83.26,84.29,83.8,"1,365,300"
16-Sep-22,83.55,85,82.8,84.98,84.48,"1,360,400"
15-Sep-22,86.54,87.36,84.4,85.01,84.51,"2,205,900"
14-Sep-22,86.86,88.44,85.35,88.35,87.83,"2,075,100"
13-Sep-22,84.96,88.13,84.5,86.66,86.15,"2,437,500"
12-Sep-22,88.22,88.35,86.53,88.2,87.68,"1,487,300"
9-Sep-22,88.43,88.49,86.38,87.79,87.28,"1,224,700"
8-Sep-22,87,88.81,86.08,87.75,87.24,"1,782,900"
7-Sep-22,82.78,87.84,82.49,87.42,86.91,"3,826,400"
6-Sep-22,81.4,83.15,80.24,82.35,81.87,"1,377,000"
2-Sep-22,83.62,83.62,80.44,80.84,80.37,"943,900"
1-Sep-22,82.54,83.56,80.76,82.79,82.31,"1,512,200"
31-Aug-22,84.55,85.13,83.2,84.33,83.84,"841,200"
30-Aug-22,84.97,86.31,82.37,83.63,83.14,"1,241,400"
29-Aug-22,84.38,86.57,84.28,84.71,84.22,"1,151,800"
26-Aug-22,88.3,89.35,85.6,85.72,85.22,"1,262,700"
25-Aug-22,87.17,87.5,85.89,87.49,86.98,"1,010,600"
24-Aug-22,83.46,86.67,83.46,85.65,85.15,"1,280,500"
23-Aug-22,83.55,85.02,83.18,83.92,83.43,"718,300"
22-Aug-22,82.57,83.95,82.01,83.33,82.84,"1,769,300"
19-Aug-22,86.56,86.56,84.3,84.82,84.32,"1,571,100"
18-Aug-22,87.16,88.87,87.14,87.67,87.16,"873,500"
17-Aug-22,86.2,87.3,85.12,86.63,86.12,"1,448,500"
16-Aug-22,88.45,88.85,87.25,87.65,87.14,"773,400"
15-Aug-22,88.84,89.72,87.52,88.89,88.37,"1,990,000"
12-Aug-22,87.53,89.22,86.71,89.08,88.56,"1,074,300"
11-Aug-22,91.12,91.12,87.74,87.93,87.42,"1,383,900"
10-Aug-22,88.06,90.17,86.46,90.13,89.6,"1,848,700"
9-Aug-22,83.9,86.1,83.3,85.85,85.35,"1,416,100"
8-Aug-22,87.01,88.75,84.98,85.37,84.87,"2,115,100"
5-Aug-22,84.9,86.52,83.2,84.77,84.27,"2,525,300"
4-Aug-22,82.02,83.92,81.18,83.46,82.97,"1,212,400"
3-Aug-22,83.06,83.14,79.85,81.77,81.29,"1,812,400"
2-Aug-22,81.43,85.39,81.15,84.17,83.68,"1,943,900"
1-Aug-22,84.43,84.65,82.7,83.35,82.86,"1,807,000"
29-Jul-22,82.73,86.01,82.5,85.57,85.07,"2,728,600"
28-Jul-22,82.77,84.93,80.12,82.88,82.4,"6,101,900"
27-Jul-22,74.27,77.29,73.62,77.09,76.64,"2,841,400"
26-Jul-22,73.55,73.65,72.5,72.63,72.21,"491,600"
25-Jul-22,72.21,73.36,71.23,73.21,72.78,"607,100"
22-Jul-22,73.4,74.36,71.7,72.04,71.62,"873,100"
21-Jul-22,73.6,73.6,71.67,73.12,72.69,"1,393,400"
20-Jul-22,72.73,74.21,72.61,73.35,72.92,"788,600"
19-Jul-22,71.84,72.75,70.98,72.61,72.19,"653,500"
18-Jul-22,70.6,72.89,70.6,71.37,70.95,"1,063,000"
15-Jul-22,69.16,69.71,65.9,69.71,69.3,"2,604,800"
14-Jul-22,70.37,71.35,69.01,71.14,70.72,"1,024,300"
13-Jul-22,69.06,71.96,69.02,71.12,70.7,"1,026,300"
12-Jul-22,73.1,73.36,70.08,70.61,70.2,"2,139,300"
11-Jul-22,75.47,75.54,72.77,73.05,72.62,"1,308,500"
8-Jul-22,74.56,77.01,73.75,76.68,76.23,"3,004,000"
7-Jul-22,71.8,75.53,71.8,75.02,74.58,"1,667,000"
6-Jul-22,71.43,72.4,70.26,71.06,70.64,"649,100"
5-Jul-22,70.65,71.69,68.6,71.62,71.2,"907,900"
1-Jul-22,71.05,72.52,70.8,72,71.58,"843,600"
30-Jun-22,68.83,71.94,68.66,71.39,70.97,"1,177,100"
29-Jun-22,70.62,70.8,68.55,69.32,68.92,"1,726,100"
28-Jun-22,75.78,75.78,72.18,72.21,71.79,"878,200"
27-Jun-22,73.85,75.89,73.49,75.04,74.6,"1,293,300"
24-Jun-22,74.85,74.89,72.37,73.77,73.34,"1,171,400"
23-Jun-22,71.4,73.38,70.87,73.03,72.6,"855,400"
22-Jun-22,69.82,72.18,69.82,71.11,70.69,"1,132,000"
21-Jun-22,71.59,72.86,71.24,71.45,71.03,"1,480,400"
17-Jun-22,67.42,70.69,67.29,70.13,69.72,"1,440,300"
16-Jun-22,67.69,68.86,65.71,66.21,65.82,"1,417,000"
15-Jun-22,68.95,70.99,67.7,70.19,69.78,"1,051,100"
14-Jun-22,69.19,69.58,67.39,68.14,67.74,"880,700"
13-Jun-22,70.68,71.1,67.88,68.83,68.43,"1,815,400"
10-Jun-22,73.46,75,73.04,73.44,73.01,"1,900,600"
9-Jun-22,76.11,76.89,74.62,74.63,74.19,"825,700"
8-Jun-22,77.56,78.64,76.03,76.51,76.06,"1,065,500"
7-Jun-22,76.21,77.66,75.66,77.56,77.11,"1,287,000"
6-Jun-22,78.49,78.82,76.25,76.79,76.34,"3,101,200"
3-Jun-22,73.01,74.97,72.73,73.65,73.22,"1,285,900"
2-Jun-22,70.65,74.63,70.65,74.07,73.64,"1,214,300"
1-Jun-22,71.43,72.03,69.83,70.22,69.81,"613,900"
31-May-22,72,72.72,70.72,71.1,70.68,"983,900"
27-May-22,69.72,71.37,69.46,71.28,70.86,"873,900"
26-May-22,67.8,70.09,67.17,69.72,69.31,"1,507,000"
25-May-22,65.82,67.96,65.46,67.41,67.02,"891,600"
24-May-22,66.98,66.98,65.12,66.31,65.92,"791,700"
23-May-22,67.67,68.05,66.09,67.77,67.37,"502,400"
20-May-22,67.88,67.91,65.23,67.19,66.8,"1,917,600"
19-May-22,64.55,67.63,64.46,66.72,66.33,"1,614,600"
18-May-22,63.6,65.82,62.97,63.84,63.47,"1,647,100"
17-May-22,63.14,64.02,62.04,63.99,63.62,"1,247,600"
16-May-22,61.11,62.06,60.34,60.74,60.39,"604,100"
13-May-22,59.87,62.21,59.29,61.71,61.35,"1,389,800"
12-May-22,56.57,59.16,55.54,57.59,57.25,"1,050,400"
11-May-22,60.34,61.42,57.68,57.79,57.45,"1,802,800"
10-May-22,61.45,62.56,58.5,60.32,59.97,"1,473,300"
9-May-22,62.41,63.27,59.43,59.91,59.56,"1,179,200"
6-May-22,66.65,66.85,64.18,64.77,64.39,"749,100"
5-May-22,69.77,69.77,66.17,67.44,67.05,"889,000"
4-May-22,66.72,70.72,66.61,70.55,70.14,"1,282,100"
3-May-22,65.05,67.62,64.98,67.09,66.7,"790,700"
2-May-22,63.42,65.05,63.01,64.98,64.6,"668,800"
29-Apr-22,64.75,66.46,64.11,64.23,63.85,"574,200"
28-Apr-22,64.77,65.53,62.92,64.75,64.37,"445,900"
27-Apr-22,64.05,66.16,63.81,64.16,63.79,"865,500"
26-Apr-22,63.48,64.08,62.32,62.36,62,"797,200"
25-Apr-22,63,64.09,62.35,63.97,63.6,"2,163,500"
22-Apr-22,65.33,66.76,64,64.5,64.12,"1,948,000"
21-Apr-22,70.64,70.9,64.82,65.01,64.63,"2,553,300"
20-Apr-22,73.11,73.51,69.75,69.83,69.42,"1,177,300"
19-Apr-22,71.54,73.46,70.91,73.26,72.83,"768,100"
18-Apr-22,71.5,72.32,71.17,71.66,71.24,"1,035,300"
14-Apr-22,73.1,73.94,72,72.04,71.62,"867,600"
13-Apr-22,71.5,73.17,71.15,73,72.57,"609,200"
12-Apr-22,73.18,73.74,71.59,71.71,71.29,"851,100"
11-Apr-22,71.84,73.43,71.32,72.22,71.8,"1,157,500"
8-Apr-22,75.01,75.23,72.62,72.71,72.29,"778,500"
7-Apr-22,74.73,75.97,73.08,74.55,74.11,"812,300"
6-Apr-22,76.06,77,74.35,75.34,74.9,"1,180,900"
5-Apr-22,79.87,80.52,77.04,77.35,76.9,"2,127,600"
4-Apr-22,77.47,79.71,77.14,79.41,78.95,"1,393,400"
1-Apr-22,76,77.7,75.64,76.21,75.76,"669,100"
31-Mar-22,75.99,76.49,75.07,75.46,75.02,"699,000"
30-Mar-22,77.4,78.15,75.48,75.78,75.34,"721,300"
29-Mar-22,75.99,77.39,74.95,77.06,76.61,"679,200"
28-Mar-22,75.12,76.59,73.88,75.97,75.53,"1,689,700"
25-Mar-22,77,77.24,73.82,75.36,74.92,"849,900"
24-Mar-22,76.5,77.33,75.01,77.25,76.8,"555,100"
23-Mar-22,75.3,77.98,75.21,76.19,75.74,"668,000"
22-Mar-22,75.52,77.77,75.39,76.75,76.3,"695,600"
21-Mar-22,76.23,76.55,74.16,75.58,75.14,"887,700"
18-Mar-22,74.31,76.44,74.19,76.04,75.6,"1,501,900"
17-Mar-22,73.7,75.61,73.7,75.18,74.74,"1,020,200"
16-Mar-22,72.97,75.66,72.31,75.61,75.17,"1,106,300"
15-Mar-22,68.31,71.46,67.07,71.33,70.91,"889,300"
14-Mar-22,73,73,68.17,69.1,68.7,"1,259,700"
11-Mar-22,76.44,77.81,73.4,73.63,73.2,"1,005,900"
10-Mar-22,76.9,76.9,73.1,75,74.56,"1,251,100"
9-Mar-22,76.79,77.66,74.12,76.82,76.37,"2,422,200"
8-Mar-22,72.7,77.73,72.06,76.51,76.06,"5,132,400"
7-Mar-22,70.8,71.79,69.83,69.99,69.58,"2,924,400"
4-Mar-22,68.11,69.33,66.78,67.96,67.56,"2,286,600"
3-Mar-22,70.58,70.8,67.74,68.33,67.93,"1,703,000"
2-Mar-22,71.64,72.5,69.08,70.35,69.94,"1,252,900"
1-Mar-22,71.7,73.62,71.05,72.84,72.41,"3,631,900"
28-Feb-22,68.62,72.23,68.54,71.47,71.05,"3,012,900"
25-Feb-22,64.98,66.45,63.95,66.42,66.03,"1,041,700"
24-Feb-22,56.08,65.11,56.08,64.8,64.42,"1,873,800"
23-Feb-22,61.23,61.69,59.37,59.66,59.31,"642,300"
22-Feb-22,61.07,61.83,59.78,60.15,59.8,"800,800"
18-Feb-22,63.66,64.32,62.28,62.48,62.11,"834,300"
17-Feb-22,64.75,65.87,63.82,63.96,63.59,"507,400"
16-Feb-22,64.59,65.91,63.7,65.66,65.28,"738,800"
15-Feb-22,63.53,65.59,63.45,65.55,65.17,"459,000"
14-Feb-22,62.1,63.32,61.27,61.73,61.37,"441,700"
11-Feb-22,64.82,65.63,62.12,62.58,62.21,"967,300"
10-Feb-22,64.54,67.53,64.54,65.05,64.67,"768,900"
9-Feb-22,67.86,68.31,65.68,66.83,66.44,"1,261,800"
8-Feb-22,62.47,63.93,62.24,63.8,63.43,"667,800"
7-Feb-22,63.4,64.39,62.62,62.89,62.52,"421,700"
4-Feb-22,61.47,63.88,61.34,63.41,63.04,"778,700"
3-Feb-22,62.5,63.69,60.93,61.44,61.08,"1,266,700"
2-Feb-22,66.06,66.31,63.77,64,63.63,"1,085,300"
1-Feb-22,65.31,65.66,63.49,65.21,64.83,"1,097,800"
31-Jan-22,60.66,65.6,60.66,65.48,65.1,"1,381,300"
28-Jan-22,59.76,60.67,58.05,60.51,60.16,"1,433,300"
27-Jan-22,62.88,62.98,59.97,60.14,59.79,"1,196,200"
26-Jan-22,65.08,65.65,61.71,62.49,62.12,"1,431,500"
25-Jan-22,62.13,63.55,61.46,62.37,62.01,"948,500"
24-Jan-22,60.64,64.58,59.34,64.42,64.04,"2,575,100"
21-Jan-22,66.05,66.69,63.58,63.74,63.37,"1,804,300"
20-Jan-22,68.28,70.15,66.86,66.99,66.6,"1,662,100"
19-Jan-22,67.6,68.59,66.85,66.94,66.55,"1,495,700"
18-Jan-22,68.92,69.54,67.34,67.43,67.04,"2,158,600"
14-Jan-22,69.85,71.64,69.17,70.45,70.04,"1,193,700"
13-Jan-22,73.36,74,70.53,70.63,70.22,"1,116,300"
12-Jan-22,72.71,73.68,71.45,72.23,71.81,"1,804,300"
11-Jan-22,70.7,72.56,70.46,71.91,71.49,"1,623,700"
10-Jan-22,69.99,70.75,68.06,70.7,70.29,"1,527,000"
7-Jan-22,70.5,72.54,70.3,70.75,70.34,"1,024,200"
6-Jan-22,71,71.79,68.85,70.63,70.22,"1,716,500"
5-Jan-22,75.13,75.41,71.1,71.21,70.79,"3,333,000"
4-Jan-22,78.5,78.71,75.01,76.32,75.87,"1,237,800"
3-Jan-22,77.69,78.86,77.1,78.49,78.03,"735,100"
31-Dec-21,77.32,78.69,76.94,76.97,76.52,"643,400"
30-Dec-21,75.6,78.46,75.55,77.68,77.23,"2,014,000"
29-Dec-21,75.66,76.29,74.53,75.46,75.02,"1,042,000"
28-Dec-21,76.86,77.23,75.65,76,75.56,"679,700"
27-Dec-21,77.56,77.9,76.28,77.18,76.73,"895,800"
23-Dec-21,78.05,78.5,77.07,77.91,77.45,"1,056,900"
22-Dec-21,77.5,78.05,76.4,77.81,77.36,"865,300"
21-Dec-21,75.19,78.08,75.12,77.94,77.48,"1,959,300"
20-Dec-21,74.73,75.86,73.57,73.76,73.33,"2,953,800"
17-Dec-21,76.93,79.87,75.79,79.04,78.58,"2,063,200"
16-Dec-21,83,83.49,78.03,78.77,78.31,"2,078,000"
15-Dec-21,80.22,81.51,77.93,81.43,80.95,"1,468,900"
14-Dec-21,81.58,81.98,79.06,80.56,80.09,"1,832,700"
13-Dec-21,83.55,85.4,83.03,83.79,83.3,"1,300,600"
10-Dec-21,84.74,85.8,82.91,83.64,83.15,"1,279,700"
9-Dec-21,86.42,87.44,83.6,83.81,83.32,"1,302,800"
8-Dec-21,87,87.6,85.93,86.95,86.44,"942,000"
7-Dec-21,85.94,87.25,85.7,86.33,85.83,"1,283,200"
6-Dec-21,83.17,83.51,80.17,83.3,82.81,"2,250,300"
3-Dec-21,87.11,87.56,81.46,82.16,81.68,"2,012,100"
2-Dec-21,86.4,87.82,85.01,86.33,85.83,"1,521,800"
1-Dec-21,91.47,91.6,86.34,86.4,85.9,"1,576,200"
30-Nov-21,91.41,92.69,88.25,89.49,88.97,"2,134,200"
29-Nov-21,91.94,92.61,90,92.33,91.79,"939,600"
26-Nov-21,90.95,92.79,89.51,90.67,90.14,"1,086,000"
24-Nov-21,93.22,94.15,90.82,93.7,93.15,"1,444,600"
23-Nov-21,95.38,96.4,91.84,93.46,92.91,"2,046,500"
22-Nov-21,98.73,101.36,95.66,96.03,95.47,"3,119,700"
19-Nov-21,94.87,99,94.87,98.12,97.55,"1,778,900"
18-Nov-21,97.68,97.68,94.11,95.01,94.45,"1,481,400"
17-Nov-21,97.8,98.76,96.62,97.14,96.57,"1,059,100"
16-Nov-21,98.27,98.5,96.24,97.51,96.94,"1,541,200"
15-Nov-21,99.67,99.67,97.42,98,97.43,"1,365,000"
12-Nov-21,98.74,99.81,98.21,99.61,99.03,"1,507,400"
11-Nov-21,94.92,99.16,94.5,98.62,98.04,"2,359,000"
10-Nov-21,94.29,94.94,92.34,93.19,92.65,"1,458,500"
9-Nov-21,97.21,97.4,94.06,95.83,95.27,"1,031,200"
8-Nov-21,97.15,97.39,96,96.6,96.04,"1,593,500"
5-Nov-21,97.39,97.45,94.45,95.76,95.2,"913,700"
4-Nov-21,97.26,97.48,95.55,97.36,96.79,"1,039,700"
3-Nov-21,94.98,97.35,93.02,97.15,96.58,"1,530,000"
2-Nov-21,99.98,99.98,96.4,97.3,96.73,"2,257,700"
1-Nov-21,100,101.58,99.45,100.53,99.94,"2,082,800"
29-Oct-21,97.77,99.33,97.66,99.1,98.52,"1,530,800"
28-Oct-21,94.81,98.1,94.56,98,97.43,"3,827,100"
27-Oct-21,94.16,97.11,93.64,94.19,93.64,"4,701,100"
26-Oct-21,91.52,92.02,88.82,89.69,89.17,"2,211,300"
25-Oct-21,89.45,91.25,89.13,91,90.47,"2,204,900"
22-Oct-21,90,90,87.59,88.44,87.92,"1,148,400"
21-Oct-21,89.02,91.19,89.02,90.16,89.63,"888,200"
20-Oct-21,91.01,91.01,89.01,90.15,89.62,"1,589,300"
19-Oct-21,89,92.7,88.53,91.51,90.98,"2,666,900"
18-Oct-21,86.59,88.25,86.06,87.98,87.47,"1,339,400"
15-Oct-21,87.79,88.44,86.7,87.15,86.64,"1,881,700"
14-Oct-21,88.5,88.82,86.46,87.47,86.96,"2,339,400"
13-Oct-21,87.21,88.28,86.42,88.03,87.52,"1,993,000"
12-Oct-21,82.59,86.1,82.4,85.87,85.37,"2,800,500"
11-Oct-21,79.24,82.79,79,81.39,80.91,"1,708,500"
8-Oct-21,79.35,79.71,77.88,78.53,78.07,"652,500"
7-Oct-21,79.05,80.25,78.75,79.4,78.94,"1,489,900"
6-Oct-21,76.05,78.35,75.56,77.69,77.24,"1,376,500"
5-Oct-21,77.58,78.7,77.2,77.71,77.26,"651,000"
4-Oct-21,80,80.23,76.76,77.3,76.85,"1,495,600"
1-Oct-21,80.8,81.59,79.62,81.06,80.59,"953,500"
30-Sep-21,79.2,80.64,79.12,79.95,79.48,"746,400"
29-Sep-21,80.26,80.33,78.17,78.36,77.9,"962,000"
28-Sep-21,80.9,81.1,79.35,79.7,79.23,"819,500"
27-Sep-21,80.3,82.22,79.13,82.06,81.58,"806,200"
24-Sep-21,81.82,82,80.36,80.54,80.07,"998,100"
23-Sep-21,83.77,84.01,82.53,83.07,82.58,"635,100"
22-Sep-21,82.59,84,82.2,83.25,82.76,"740,400"
21-Sep-21,82.2,82.42,80.87,81.78,81.3,"485,700"
20-Sep-21,81.55,82,79.5,80.87,80.4,"1,250,100"
17-Sep-21,83.01,85.32,82.97,85.22,84.72,"1,361,100"
16-Sep-21,82.62,83.43,82.09,83.19,82.7,"610,100"
15-Sep-21,83.85,84.27,82.82,84.15,83.66,"558,700"
14-Sep-21,85.2,85.58,83.83,84.3,83.81,"631,700"
13-Sep-21,83.96,85.37,81.98,85,84.5,"1,199,200"
10-Sep-21,85.48,86.34,83.12,83.33,82.84,"669,400"
9-Sep-21,84.17,85.09,83.45,84.38,83.89,"512,700"
8-Sep-21,86.51,87.22,83.45,83.74,83.25,"935,200"
7-Sep-21,85.62,86.02,84.79,85.22,84.72,"708,400"
3-Sep-21,86.78,87.12,85.63,86.04,85.54,"683,600"
2-Sep-21,87.33,88.22,86.73,87.01,86.5,"701,300"
1-Sep-21,86,87.17,85.51,86.03,85.53,"669,700"
31-Aug-21,86.1,86.9,84.71,85.63,85.13,"661,600"
30-Aug-21,85,86.73,85,86.11,85.61,"779,400"
27-Aug-21,83.02,84.56,82.8,84.11,83.62,"498,000"
26-Aug-21,83.12,84.52,82.67,83,82.52,"556,000"
25-Aug-21,82.8,83.87,82.58,83.45,82.96,"649,700"
24-Aug-21,82.31,83.48,82.01,82.36,81.88,"589,600"
23-Aug-21,80.33,82.28,80.31,82.08,81.6,"1,035,500"
20-Aug-21,78.23,79.81,78,79.65,79.18,"764,400"
19-Aug-21,77.95,79.4,77.69,78.01,77.55,"899,500"
18-Aug-21,79.78,80.58,78.97,79.17,78.71,"1,066,700"
17-Aug-21,79.09,79.61,77.2,78.49,78.03,"1,673,100"
16-Aug-21,82.24,82.42,80.21,80.58,80.11,"1,469,700"
13-Aug-21,85.68,85.77,82.53,82.82,82.34,"1,533,500"
12-Aug-21,85.33,86.02,84.49,85.57,85.07,"753,100"
11-Aug-21,87.81,88,83.92,85.87,85.37,"1,574,900"
10-Aug-21,88.29,88.72,87.11,87.56,87.05,"935,000"
9-Aug-21,86.94,88.55,85.8,88.09,87.58,"1,074,700"
6-Aug-21,86.82,87.42,85.21,86.24,85.74,"1,109,200"
5-Aug-21,88.7,88.7,86.88,87.04,86.53,"680,400"
4-Aug-21,88.99,89.93,87.92,88.4,87.88,"845,300"
3-Aug-21,87.37,89.33,87.2,88.5,87.98,"1,539,200"
2-Aug-21,86.81,86.92,85.18,85.45,84.95,"873,700"
30-Jul-21,83.4,87.17,82.87,85.67,85.17,"1,234,800"
29-Jul-21,84.6,85.43,83.57,84.31,83.82,"1,121,700"
28-Jul-21,80.73,84.83,80.46,83.87,83.38,"1,041,500"
27-Jul-21,81.06,81.3,78.59,80.52,80.05,"1,140,200"
26-Jul-21,82.6,83.94,81.22,82.27,81.79,"782,300"
23-Jul-21,84.71,84.75,82.63,83.46,82.97,"718,200"
22-Jul-21,87.22,87.57,84.57,85.63,85.13,"807,600"
21-Jul-21,83.27,86.58,83.27,86.41,85.91,"968,700"
20-Jul-21,81.47,83.46,80.3,82.93,82.45,"1,028,400"
19-Jul-21,79.25,81.16,77.49,81.1,80.63,"1,881,100"
16-Jul-21,83.74,83.8,80.27,80.63,80.16,"1,884,500"
15-Jul-21,83.65,85.23,81.15,82.23,81.75,"2,555,100"
14-Jul-21,88.83,89,83.61,83.86,83.37,"2,399,500"
13-Jul-21,89.64,90.77,88.21,88.55,88.03,"1,424,700"
12-Jul-21,89.26,90.28,88.27,89.68,89.16,"1,391,600"
9-Jul-21,88.08,88.3,86.09,88.21,87.69,"742,200"
8-Jul-21,85.5,87.76,84.05,86.98,86.47,"1,675,100"
7-Jul-21,90.82,92.49,88.41,89.18,88.66,"1,938,000"
6-Jul-21,88.21,89.75,87.56,89.19,88.67,"1,274,800"
2-Jul-21,88.07,89.4,87.63,88.18,87.66,"659,600"
1-Jul-21,89.52,89.59,86.71,88.32,87.8,"1,021,800"
30-Jun-21,90.21,90.6,88.86,89.33,88.81,"1,574,000"
29-Jun-21,91.47,93.49,90.66,91.78,91.24,"2,652,500"
28-Jun-21,87,91.16,86.96,90.95,90.42,"2,751,700"
25-Jun-21,85.77,87.95,85.49,85.57,85.07,"2,453,200"
24-Jun-21,85.13,85.97,84.11,84.94,84.44,"2,434,400"
23-Jun-21,82.7,84.71,82.53,84.11,83.62,"1,320,400"
22-Jun-21,81.71,83.26,81.42,82.42,81.94,"1,118,200"
21-Jun-21,82.07,82.47,80.38,82,81.52,"948,300"
18-Jun-21,81.85,82.98,81.35,82.47,81.99,"1,643,000"
17-Jun-21,79.51,83.5,79.3,83.1,82.61,"3,028,700"
16-Jun-21,79.02,81.54,78.68,79.96,79.49,"1,634,700"
15-Jun-21,80.5,80.69,78,78.77,78.31,"948,300"
14-Jun-21,81.36,81.85,80.17,80.78,80.31,"1,332,200"
11-Jun-21,79.5,80,78.89,79.82,79.35,"925,300"
10-Jun-21,77.15,79.31,76.66,78.72,78.26,"1,281,300"
9-Jun-21,77.95,78.6,76.42,76.61,76.16,"912,500"
8-Jun-21,77.34,78,75,76.96,76.51,"1,489,700"
7-Jun-21,76.78,76.78,74.88,76.56,76.11,"1,191,100"
4-Jun-21,76.3,77.56,76.03,76.84,76.39,"633,300"
3-Jun-21,76.87,77.49,75.35,75.56,75.12,"974,100"
2-Jun-21,78.54,78.64,76.87,77.67,77.22,"1,162,600"
1-Jun-21,79.61,80.97,77.81,78.77,78.31,"1,193,100"
28-May-21,79.81,80.8,79.03,79.11,78.65,"964,500"
27-May-21,79.32,79.67,78.34,79.32,78.86,"1,102,000"
26-May-21,78.01,79.65,77.55,79.31,78.85,"1,124,200"
25-May-21,78.24,78.69,76.94,77.45,77,"805,900"
24-May-21,78.93,79.14,77.45,77.8,77.35,"1,025,700"
21-May-21,78.87,79.3,77.42,78.51,78.05,"1,760,300"
20-May-21,76.71,78.89,76.5,78.16,77.7,"2,830,800"
19-May-21,70.52,75.22,70.12,75.06,74.62,"2,502,200"
18-May-21,72.13,73.78,71.15,72.36,71.94,"1,123,500"
17-May-21,71.7,72.06,69.96,71.32,70.9,"1,216,700"
14-May-21,70.53,72.79,70.2,72.54,72.12,"1,158,200"
13-May-21,70.15,70.95,67.78,69.1,68.7,"1,180,200"
12-May-21,70.58,71.55,68.91,69.14,68.74,"2,464,500"
11-May-21,68.19,73.68,67.69,72.99,72.56,"2,652,600"
10-May-21,75.13,75.13,71.63,72.1,71.68,"1,892,900"
7-May-21,75.83,77.52,74.7,75.15,74.71,"1,811,700"
6-May-21,75.66,75.95,73.17,74.45,74.02,"2,342,100"
5-May-21,77.82,77.84,75.69,76.22,75.77,"1,698,200"
4-May-21,79.8,79.81,76.25,77.2,76.75,"2,940,200"
3-May-21,83.45,83.78,81.7,82.1,81.62,"1,663,600"
30-Apr-21,84.76,84.87,83.01,83.15,82.66,"1,121,400"
29-Apr-21,88.53,88.74,84.93,86.3,85.8,"1,449,400"
28-Apr-21,88.55,88.8,86.76,88.12,87.61,"1,437,000"
27-Apr-21,91.87,91.92,90.22,90.83,90.3,"1,808,600"
26-Apr-21,91.08,91.95,89.18,91.88,91.34,"1,857,200"
23-Apr-21,89.41,91.35,88.88,90.94,90.41,"2,161,400"
22-Apr-21,87.65,89.77,87.14,88.1,87.59,"3,630,000"
21-Apr-21,81.88,85.6,81.02,85.1,84.6,"1,803,400"
20-Apr-21,82.78,83.98,80.98,82.29,81.81,"1,532,400"
19-Apr-21,86.21,86.56,82.19,82.75,82.27,"1,721,200"
16-Apr-21,83.74,85.95,83.56,85.49,84.99,"1,420,200"
15-Apr-21,85.64,85.74,82.4,83.24,82.75,"1,700,300"
14-Apr-21,86.35,87.57,84.52,85.01,84.51,"1,495,200"
13-Apr-21,84.64,85.85,83.83,85.71,85.21,"1,482,600"
12-Apr-21,85.8,85.86,83.41,84.71,84.22,"1,912,500"
9-Apr-21,85.61,86.92,84.98,86.46,85.95,"1,009,000"
8-Apr-21,87.31,88.13,86.63,86.9,86.39,"1,061,800"
7-Apr-21,89.03,89.11,86.05,86.48,85.97,"1,577,400"
6-Apr-21,88.2,90.9,88.12,89.27,88.75,"1,784,500"
5-Apr-21,93.03,93.05,87.16,88.16,87.64,"2,711,700"
1-Apr-21,93.77,94.24,90.45,90.68,90.15,"2,868,200"
31-Mar-21,90.53,92.63,89.83,91.77,91.23,"2,135,300"
30-Mar-21,84.19,89.45,84.1,89.27,88.75,"2,682,400"
29-Mar-21,87.24,87.31,83.15,84.23,83.74,"1,496,400"
26-Mar-21,86.1,88.11,84.75,88.02,87.51,"2,159,800"
25-Mar-21,81.85,85.42,81.07,85.19,84.69,"2,176,600"
24-Mar-21,88.91,89,84.06,84.5,84.01,"1,734,600"
23-Mar-21,91.08,91.93,87.65,88.59,88.07,"1,388,300"
22-Mar-21,91.27,92.68,89.81,91.47,90.94,"1,711,800"
19-Mar-21,88.19,90.18,86.01,89.58,89.06,"2,551,000"
18-Mar-21,91.11,91.59,86.42,86.97,86.46,"2,929,900"
17-Mar-21,90.96,94.27,89.52,93.1,92.56,"1,607,200"
16-Mar-21,96.13,97.75,92.88,94.36,93.81,"1,898,600"
15-Mar-21,95.5,97.22,94.73,96.37,95.81,"1,782,400"
12-Mar-21,93.98,97.99,93.02,97.3,96.73,"1,737,300"
11-Mar-21,95.77,99.16,94.45,98.77,98.19,"2,520,400"
10-Mar-21,96.22,96.87,89.65,90.34,89.81,"2,651,100"
9-Mar-21,88.01,92.7,87.1,91.55,91.02,"2,906,300"
8-Mar-21,84.88,87.5,81,81.15,80.68,"4,285,000"
5-Mar-21,91.03,91.03,80.8,87.48,86.97,"4,731,100"
4-Mar-21,93.57,95.2,86.11,89.14,88.62,"3,876,700"
3-Mar-21,100.82,101.52,94.29,94.5,93.95,"2,899,700"
2-Mar-21,105.31,105.65,101,101,100.41,"1,966,200"
1-Mar-21,104.91,107.25,103.8,107.07,106.44,"1,804,700"
26-Feb-21,99.02,102.35,96.69,101.32,100.73,"2,529,700"
25-Feb-21,102.65,104.19,96.44,97.65,97.08,"2,632,800"
24-Feb-21,100.01,103.5,95.86,103.34,102.74,"3,464,100"
23-Feb-21,96.17,101.12,91.51,100.56,99.97,"4,984,300"
22-Feb-21,106.83,106.85,100.63,100.95,100.36,"3,808,200"
19-Feb-21,111.34,113.2,110.26,110.64,109.99,"2,049,500"
18-Feb-21,110.34,110.95,106.4,108.29,107.66,"3,398,400"
17-Feb-21,117.65,117.65,113.16,115.7,115.02,"2,372,600"
16-Feb-21,122.69,123.22,117.4,118.45,117.76,"1,919,800"
12-Feb-21,119.65,121.77,117.7,121.32,120.61,"869,400"
11-Feb-21,121.14,122.14,119.71,121.35,120.64,"848,000"
10-Feb-21,123.34,125.05,118.3,119.71,119.01,"2,426,800"
9-Feb-21,119.15,122.2,119.14,121.94,121.23,"2,632,000"
8-Feb-21,117.3,120.55,117.3,118.99,118.29,"1,565,400"
5-Feb-21,115.6,117.15,113.4,116.69,116.01,"1,536,200"
4-Feb-21,117.25,117.34,114.3,115.04,114.37,"1,503,800"
3-Feb-21,116.22,117.22,114,116.56,115.88,"1,558,600"
2-Feb-21,115.12,116.15,113.46,115.89,115.21,"2,661,200"
1-Feb-21,110.18,110.67,106.91,110.5,109.85,"2,202,500"
29-Jan-21,112,113.7,106.81,108.69,108.06,"2,251,100"
28-Jan-21,110.75,113.36,108.29,112.18,111.52,"2,555,300"
27-Jan-21,112.26,114.15,108.8,110.5,109.85,"3,464,200"
26-Jan-21,120,121.03,116.43,117.6,116.91,"1,950,700"
25-Jan-21,123,125.98,116.66,119,118.3,"3,246,300"
22-Jan-21,118.68,121.19,117.5,121.11,120.4,"2,713,300"
21-Jan-21,116.67,121.64,113.93,121.43,120.72,"4,069,400"
20-Jan-21,115.39,117.09,113.32,114.78,114.11,"2,671,600"
19-Jan-21,111.74,114.01,110.95,114,113.33,"2,844,200"
15-Jan-21,113.61,113.61,106.88,106.89,106.27,"4,281,200"
14-Jan-21,115.76,117.22,114.3,115.23,114.56,"2,426,200"
13-Jan-21,116.16,116.26,113.04,114.46,113.79,"1,810,400"
12-Jan-21,117.22,117.72,113.45,115.63,114.95,"2,414,800"
11-Jan-21,115.28,117.09,112.3,115.61,114.93,"3,374,900"
8-Jan-21,123.48,123.66,116.81,119.13,118.43,"3,866,100"
7-Jan-21,121.63,123.45,119.17,121.55,120.84,"4,922,500"
6-Jan-21,112.95,119.27,111.7,115.27,114.6,"7,216,500"
5-Jan-21,103.8,106.89,103.72,106.07,105.45,"2,112,800"
4-Jan-21,105.74,107.45,103,104.96,104.35,"2,978,200"
31-Dec-20,103.18,103.88,101.57,102.76,102.16,"1,220,800"
30-Dec-20,100.7,103.15,100.58,102.35,101.75,"1,385,000"
29-Dec-20,102.97,103,97.64,99.27,98.69,"2,647,600"
28-Dec-20,106.19,107.45,101.71,102.64,102.04,"2,154,000"
24-Dec-20,103.98,104.4,101.62,102.8,102.2,"1,408,800"
23-Dec-20,106.45,107.33,103.52,104,103.39,"2,541,300"
22-Dec-20,100.77,104.39,100.53,103.13,102.53,"3,220,300"
21-Dec-20,0.092 Dividend,,,,,
21-Dec-20,95.07,99.59,94.7,99.58,99,"2,335,700"
18-Dec-20,94.76,98.24,94,96,95.35,"2,207,800"
17-Dec-20,93.87,94.38,91.88,93,92.37,"1,326,100"
16-Dec-20,91.81,92.42,89.49,92.12,91.49,"1,760,400"
15-Dec-20,87.23,93.13,87.14,92.98,92.35,"2,860,700"
14-Dec-20,85.75,86.46,84.44,86.04,85.46,"1,340,600"
11-Dec-20,82.57,85.43,82.38,83.8,83.23,"1,157,300"
10-Dec-20,80.59,82.5,80.23,82.01,81.45,"885,800"
9-Dec-20,84.24,84.35,79.21,80.21,79.67,"1,831,700"
8-Dec-20,82.69,84.58,82.59,84.23,83.66,"971,100"
7-Dec-20,81.81,83.69,81.81,82.56,82,"920,000"
4-Dec-20,81.43,82.54,80.87,81.42,80.87,"938,600"
3-Dec-20,82.94,82.99,80.88,80.99,80.44,"1,554,100"
2-Dec-20,81.75,82.98,79.67,82.12,81.56,"1,439,700"
1-Dec-20,85.7,86,83.12,83.4,82.83,"1,346,800"
30-Nov-20,87.8,88.35,83.02,84.58,84.01,"1,847,800"
27-Nov-20,84.8,87.28,84.6,85.42,84.84,"1,292,700"
25-Nov-20,82.28,84.84,82.05,84.25,83.68,"1,479,800"
24-Nov-20,82.59,83.76,80.3,83.03,82.47,"2,851,900"
23-Nov-20,80,80.77,78.57,80.68,80.13,"1,797,700"
20-Nov-20,76.83,78.74,76.61,78.02,77.49,"1,575,300"
19-Nov-20,75.41,76.26,74.77,76.21,75.69,"899,500"
18-Nov-20,75.98,76.48,74.47,74.71,74.2,"954,300"
17-Nov-20,74.67,75.59,73.52,75.31,74.8,"1,291,300"
16-Nov-20,74.16,74.87,73.09,74.26,73.76,"1,017,900"
13-Nov-20,74.72,74.88,73.11,73.64,73.14,"952,600"
12-Nov-20,75.91,76.13,73.19,73.68,73.18,"1,627,100"